country,ISO3,continent,total_cases,total_cases_per_million,total_deaths_per_million,total_vaccinations_per_hundred,people_vaccinated_per_hundred,people_fully_vaccinated_per_hundred,stringency_index,population,population_density,gdp_per_capita,extreme_poverty,human_development_index,system,system_extra,Vaccines,Sputnik,Sinopharm,Sinovac,AstraZeneca,QazVac,Pfizer,Dimer,Moderna,Johnson,Abdala,Soberana,CoVaxin,CanSino,EpiVacCorona,pop_dens_2018,Year_GINI,GINI,Region,CPI score 2020,HealthCare_GDP,nr_vaccins
Afghanistan,AFG,Asia,73065.71428571429,1876.928714285714,76.492,1.5750000000000002,1.2349999999999999,0.33999999999999997,37.96,38928341.0,54.42200000000001,1803.9870000000005,,0.511,presidential Islamic republic,,"Oxford/AstraZeneca, Pfizer/BioNTech, Sinopharm/Beijing",0,1,0,1,0,1,0,0,0,0,0,0,0,0,56.93776000980302,,,AP,19.0,9.39572716,3.0
Africa,OWID_AFR,,4853710.571428572,3620.556,97.67242857142855,2.4671428571428566,1.8371428571428574,0.6242857142857143,,1340598113.0,,,,,,,,,,,,,,,,,,,,,,,,,,,,0.0
Albania,ALB,Europe,132334.42857142858,45984.58142857143,851.5431428571428,27.0725,16.927500000000002,10.145,,2877800.0,104.871,11803.430999999999,1.0999999999999999,0.795,parliamentary republic,,"Oxford/AstraZeneca, Pfizer/BioNTech, Sinovac, Sputnik V",1,0,1,1,0,1,0,0,0,0,0,0,0,0,104.61226277372263,2017,33.2,ECA,36.0,5.26271439,4.0
Algeria,DZA,Africa,129327.0,2949.2342857142858,79.38571428571429,,,,,43851043.0,17.348,13913.839000000004,0.5,0.7480000000000001,presidential republic,,Sputnik V,1,0,0,0,0,0,0,0,0,0,0,0,0,0,17.730067627000587,2011,27.6,MENA,36.0,6.2184267,1.0
Andorra,AND,Europe,13728.0,177674.23814285712,1643.6939999999997,46.48,35.74,10.75,43.52,77265.0,163.75499999999997,,,0.8680000000000001,parliamentary democracy (since March 1993) that retains its chiefs of state in the form of a co-principality," the two princes are the President of France and Bishop of Seu d'Urgell, Spain","Oxford/AstraZeneca, Pfizer/BioNTech",0,0,0,1,0,1,0,0,0,0,0,0,0,0,163.84255319148937,,,,,6.71033096,2.0
Angola,AGO,Africa,34750.857142857145,1057.3411428571428,23.519714285714286,2.77,2.07,0.7,33.32999999999999,32866268.0,23.890000000000004,5819.495000000001,,0.5810000000000001,presidential republic,,Oxford/AstraZeneca,0,0,0,1,0,0,0,0,0,0,0,0,0,0,24.713052057431618,2018,51.3,SSA,27.0,2.54900527,1.0
Antigua and Barbuda,ATG,North America,1260.7142857142858,12873.889857142858,428.88699999999983,51.22333333333333,34.14333333333334,17.076666666666668,,97928.0,231.845,21490.943,,0.7779999999999999,parliamentary democracy under a constitutional monarchy, a Commonwealth realm,Oxford/AstraZeneca,0,0,0,1,0,0,0,0,0,0,0,0,0,0,218.8318181818182,,,,,5.23155928,1.0
Argentina,ARG,South America,3819542.1428571427,84511.04042857143,1741.6102857142855,27.825714285714287,21.562857142857144,6.2628571428571425,81.48,45195777.0,16.176999999999996,18933.907000000003,0.6,0.8449999999999999,presidential republic,,"Oxford/AstraZeneca, Sinopharm/Beijing, Sputnik V",1,1,0,1,0,0,0,0,0,0,0,0,0,0,16.25851009796506,2019,42.9,AME,42.0,9.62454033,3.0
Armenia,ARM,Asia,222791.0,75185.08485714285,1498.796857142857,1.13,1.13,,,2963234.0,102.93100000000001,8787.58,1.8000000000000003,0.7759999999999999,parliamentary democracy, note - constitutional changes adopted in December 2015 transformed the government to a parliamentary system,"Oxford/AstraZeneca, Sinovac, Sputnik V",1,0,1,1,0,0,0,0,0,0,0,0,0,0,103.68022479803302,2019,29.9,ECA,49.0,10.02538967,3.0
Aruba,ABW,North America,,,,107.82833333333333,59.44,48.38666666666666,48.14999999999999,106766.0,584.8000000000001,35973.78100000001,,,parliamentary democracy, part of the Kingdom of the Netherlands,Pfizer/BioNTech,0,0,0,0,0,1,0,0,0,0,0,0,0,0,588.0277777777778,,,,,,1.0
Asia,OWID_ASI,,51473119.14285714,11093.709428571428,148.70085714285716,23.488571428571426,6.075714285714286,2.285714285714286,,4639847425.0,,,,,,,,,,,,,,,,,,,,,,,,,,,,0.0
Australia,AUS,Oceania,30125.428571428572,1181.3951428571431,35.686,17.312857142857144,15.27,2.0414285714285714,77.71142857142857,25499881.0,3.201999999999999,44648.71000000001,0.5,0.9440000000000001,federal parliamentary democracy under a constitutional monarchy, a Commonwealth realm,"Oxford/AstraZeneca, Pfizer/BioNTech",0,0,0,1,0,1,0,0,0,0,0,0,0,0,3.247870910372048,2014,34.4,AP,77.0,9.28459835,2.0
Austria,AUT,Europe,645187.5714285715,71636.56642857144,1178.2892857142856,58.494285714285716,41.18,17.821428571428573,59.26,9006400.0,106.74900000000001,45436.685999999994,0.7000000000000001,0.9219999999999999,federal parliamentary republic,,"Johnson&Johnson, Moderna, Oxford/AstraZeneca, Pfizer/BioNTech",0,0,0,1,0,1,0,1,1,0,0,0,0,0,107.13185894328647,2018,30.8,WE/EU,76.0,10.32559872,4.0
Azerbaijan,AZE,Asia,334131.14285714284,32954.47042857143,485.1337142857143,22.935714285714283,13.968571428571426,8.964285714285714,76.85000000000001,10139175.0,119.30899999999998,15847.418999999998,,0.756,presidential republic,,"Oxford/AstraZeneca, Sinovac, Sputnik V",1,0,1,1,0,0,0,0,0,0,0,0,0,0,120.25759188907978,,,ECA,30.0,3.51373243,3.0
Bahamas,BHS,North America,11829.42857142857,30081.34442857143,585.5992857142857,14.0,11.79,2.2,64.35000000000001,393248.0,39.49700000000001,27717.847000000005,,0.8140000000000001,parliamentary democracy under a constitutional monarchy, a Commonwealth realm,Oxford/AstraZeneca,0,0,0,1,0,0,0,0,0,0,0,0,0,0,38.52547452547453,,,AME,63.0,6.24896193,1.0
Bahrain,BHR,Asia,242387.0,142447.944,590.2905714285714,102.83571428571427,56.061428571428564,46.77428571428571,,1701583.0,1935.9069999999997,43290.70500000001,,0.8520000000000001,constitutional monarchy,,"Oxford/AstraZeneca, Pfizer/BioNTech, Sinopharm/Beijing, Sputnik V",1,1,0,1,0,1,0,0,0,0,0,0,0,0,2012.101282051282,,,MENA,42.0,4.13356352,4.0
Bangladesh,BGD,Asia,802457.2857142857,4872.550142857142,76.84328571428573,6.066,3.54,2.5279999999999996,66.67,164689383.0,1265.036,3523.9840000000004,14.799999999999999,0.632,parliamentary republic,,Oxford/AstraZeneca,0,0,0,1,0,0,0,0,0,0,0,0,0,0,1239.5793116693555,2016,32.4,AP,26.0,2.3428061,1.0
Barbados,BRB,North America,4020.1428571428573,13989.382571428572,163.552,48.587999999999994,27.470000000000006,21.116,,287371.0,664.4630000000001,16978.068,,0.8140000000000001,parliamentary democracy under a constitutional monarchy, a Commonwealth realm,Oxford/AstraZeneca,0,0,0,1,0,0,0,0,0,0,0,0,0,0,666.606976744186,,,AME,64.0,6.56259155,1.0
Belarus,BLR,Europe,395265.85714285716,41830.080428571426,302.8032857142857,8.43,5.47,2.96,,9449321.0,46.858000000000004,17167.967,,0.8230000000000002,"presidential republic in name, although in fact a dictatorship",,"Sinopharm/Beijing, Sputnik V",1,1,0,0,0,0,0,0,0,0,0,0,0,0,46.72134693073209,2019,25.3,ECA,47.0,5.64426613,2.0
Belgium,BEL,Europe,1063883.4285714286,91796.26214285716,2154.3298571428572,59.96571428571429,41.21,19.47,50.93,11589616.0,375.56399999999996,42658.575999999994,0.19999999999999998,0.9309999999999999,federal parliamentary democracy under a constitutional monarchy,,"Johnson&Johnson, Moderna, Oxford/AstraZeneca, Pfizer/BioNTech",0,0,0,1,0,1,0,1,1,0,0,0,0,0,377.37959048877144,2018,27.2,WE/EU,76.0,10.31865311,4.0
Belize,BLZ,North America,12820.57142857143,32243.19485714286,816.2831428571428,19.526666666666667,16.576666666666668,2.953333333333333,62.04,397621.0,16.426,7824.362,,0.7160000000000001,parliamentary democracy (National Assembly) under a constitutional monarchy, a Commonwealth realm,"Oxford/AstraZeneca, Sinopharm/Beijing",0,1,0,1,0,0,0,0,0,0,0,0,0,0,16.79399386234108,,,,,5.69105911,2.0
Benin,BEN,Africa,8068.285714285715,665.5245714285714,8.36657142857143,,,,,12123198.0,99.11,2064.2360000000003,49.60000000000001,0.545,presidential republic,,"Oxford/AstraZeneca, Sinovac",0,0,1,1,0,0,0,0,0,0,0,0,0,0,101.85391982972685,2015,47.8,SSA,41.0,2.49141979,2.0
Bermuda,BMU,North America,,,,114.2,60.31,53.89,53.7,62273.0,1308.82,50669.315,,,parliamentary democracy, self-governing overseas territory of the UK,Pfizer/BioNTech,0,0,0,0,0,1,0,0,0,0,0,0,0,0,1183.7037037037037,,,,,,1.0
Bhutan,BTN,Asia,1632.7142857142858,2115.978428571428,1.296,,,,68.52,771612.0,21.188000000000006,8708.597,1.5,0.654,constitutional monarchy,,Oxford/AstraZeneca,0,0,0,1,0,0,0,0,0,0,0,0,0,0,19.779601468274777,2017,37.4,AP,68.0,3.0574255,1.0
Bolivia,BOL,South America,374732.4285714286,32102.415571428573,1254.8218571428572,14.73142857142857,11.69714285714286,3.032857142857143,,11673029.0,10.202,6885.829,7.1000000000000005,0.718,presidential republic,,"Oxford/AstraZeneca, Pfizer/BioNTech, Sinopharm/Beijing, Sputnik V",1,1,0,1,0,1,0,0,0,0,0,0,0,0,10.480145850641557,2019,41.6,AME,31.0,6.30102587,4.0
Bosnia and Herzegovina,BIH,Europe,204073.0,62201.92242857143,2828.304142857143,,,,37.04,3280815.0,68.496,11713.895000000002,0.19999999999999998,0.7800000000000001,parliamentary republic,,"Oxford/AstraZeneca, Pfizer/BioNTech, Sinovac, Sputnik V",1,0,1,1,0,1,0,0,0,0,0,0,0,0,64.92048828125,2011,33.0,ECA,35.0,8.895051,4.0
Botswana,BWA,Africa,54985.0,23381.70385714286,360.9055714285714,,,,59.26,2351625.0,4.044,15807.373999999998,,0.7350000000000001,parliamentary republic,,Oxford/AstraZeneca,0,0,0,1,0,0,0,0,0,0,0,0,0,0,3.9774248760432656,2015,53.3,SSA,60.0,5.84825039,1.0
Brazil,BRA,South America,16645959.285714285,78312.03214285713,2190.2541428571426,32.24285714285714,21.74285714285714,10.501428571428571,,212559409.0,25.039999999999996,14103.452000000001,3.3999999999999995,0.7649999999999999,federal presidential republic,,"Oxford/AstraZeneca, Pfizer/BioNTech, Sinovac",0,0,1,1,0,1,0,0,0,0,0,0,0,0,25.061716243087577,2019,53.4,AME,38.0,9.51438713,3.0
Brunei,BRN,Asia,242.85714285714286,555.1237142857142,6.857,12.325,9.765,2.56,,437483.0,81.347,71809.25099999999,,0.838,absolute monarchy or sultanate,,"Oxford/AstraZeneca, Sinopharm/Beijing",0,1,0,1,0,0,0,0,0,0,0,0,0,0,81.39696394686906,,,AP,60.0,2.41291642,2.0
Bulgaria,BGR,Europe,418773.14285714284,60268.613142857146,2551.3211428571426,20.02,11.717142857142859,8.30142857142857,48.15,6948445.0,65.18,18563.307,1.5,0.816,parliamentary republic,,"Johnson&Johnson, Moderna, Oxford/AstraZeneca, Pfizer/BioNTech",0,0,0,1,0,1,0,1,1,0,0,0,0,0,64.71109985261606,2018,41.3,WE/EU,44.0,7.34667873,4.0
Burkina Faso,BFA,Africa,13436.714285714286,642.804,7.9684285714285705,,,,25.0,20903278.0,70.15100000000001,1703.1020000000003,43.699999999999996,0.452,presidential republic,,,,,,,,,,,,,,,,,72.19128289473684,2014,35.3,SSA,40.0,5.62852383,0.0
Burundi,BDI,Africa,4799.285714285715,403.614,0.505,,,,15.74,11890781.0,423.06199999999995,702.2250000000001,71.7,0.43299999999999994,presidential republic,,,,,,,,,,,,,,,,,435.1782710280374,2013,38.6,SSA,19.0,7.74165535,0.0
Cambodia,KHM,Asia,30822.428571428572,1843.5602857142858,13.278571428571427,27.67166666666667,15.659999999999998,12.01,67.13,16718971.0,90.67200000000001,3645.07,,0.594,parliamentary constitutional monarchy,,"Oxford/AstraZeneca, Sinopharm/Beijing, Sinovac",0,1,1,1,0,0,0,0,0,0,0,0,0,0,92.05641287106278,,,AP,21.0,6.02654314,3.0
Cameroon,CMR,Africa,78929.0,2973.3070000000002,48.03000000000001,0.28,0.24,0.04,,26545864.0,50.885,3364.926,23.800000000000004,0.5629999999999998,presidential republic,,"Oxford/AstraZeneca, Sinopharm/Beijing",0,1,0,1,0,0,0,0,0,0,0,0,0,0,53.34398891497958,2014,46.6,SSA,25.0,3.52989626,2.0
Canada,CAN,North America,1390986.7142857143,36854.987285714284,677.0868571428572,64.16142857142857,58.318571428571424,5.844285714285715,73.61,37742157.0,4.037,44017.591,0.5,0.9290000000000002,federal parliamentary democracy (Parliament of Canada) under a constitutional monarchy, a Commonwealth realm; federal and state authorities and responsibilities regulated in constitution,"Moderna, Oxford/AstraZeneca, Pfizer/BioNTech",0,0,0,1,0,1,0,1,0,0,0,0,0,0,4.134159380475797,2017,33.3,AME,77.0,10.79046917,3.0
Cape Verde,CPV,Africa,30567.0,54977.805,476.37199999999996,,,,,555988.0,135.58,6222.553999999999,,0.665,parliamentary republic,,"Oxford/AstraZeneca, Pfizer/BioNTech",0,0,0,1,0,1,0,0,0,0,0,0,0,0,134.92977667493795,2015,42.4,SSA,58.0,5.35998297,2.0
Cayman Islands,CYM,North America,,,,127.19999999999999,68.38499999999999,58.815,,65720.0,256.49600000000004,49903.029,,,parliamentary democracy, self-governing overseas territory of the UK,"Oxford/AstraZeneca, Pfizer/BioNTech",0,0,0,1,0,1,0,0,0,0,0,0,0,0,267.39166666666665,,,,,,2.0
Central African Republic,CAF,Africa,7090.142857142857,1468.0104285714285,20.291,0.38,0.37,0.01,11.11,4829764.0,7.479,661.2399999999999,,0.39699999999999996,presidential republic,,"Covaxin, Oxford/AstraZeneca",0,0,0,1,0,0,0,0,0,0,0,0,0,0,7.490412212270057,,,SSA,26.0,10.99253082,1.0
Chad,TCD,Africa,4932.857142857143,300.31057142857145,10.540714285714285,,,,,16425859.0,11.833,1768.153,38.4,0.398,presidential republic,,,,,,,,,,,,,,,,,12.291733640406607,2011,43.3,SSA,21.0,4.09880257,0.0
Chile,CHL,South America,1390032.4285714286,72714.85857142857,1536.0040000000001,97.96000000000001,55.964,41.996,,19116209.0,24.282,22767.037000000004,1.3,0.851,presidential republic,,"Oxford/AstraZeneca, Pfizer/BioNTech, Sinovac",0,0,1,1,0,1,0,0,0,0,0,0,0,0,25.189447125342284,2017,44.4,AME,67.0,9.14051342,3.0
China,CHN,Asia,91196.85714285714,63.36085714285714,3.221,47.40714285714286,,,74.54,1439323774.0,147.674,15308.712,0.7000000000000001,0.761,communist party-led state,,"CanSino, Sinopharm/Beijing, Sinopharm/Wuhan, Sinovac",0,1,1,0,0,0,0,0,0,0,0,0,1,0,147.77441949920777,2016,38.5,AP,42.0,5.35107994,3.0
Colombia,COL,South America,3435818.8571428573,67524.059,1755.153857142857,20.189999999999998,13.688333333333333,6.5,74.07,50882884.0,44.223000000000006,13254.948999999997,4.5,0.7670000000000001,presidential republic,,"Oxford/AstraZeneca, Pfizer/BioNTech, Sinovac",0,0,1,1,0,1,0,0,0,0,0,0,0,0,44.75985218566922,2019,51.3,AME,39.0,7.63980007,3.0
Comoros,COM,Africa,3882.0,4464.147,167.894,9.65,,,,869595.0,437.3519999999999,1413.8899999999999,18.099999999999998,0.5539999999999999,federal presidential republic,,"Covaxin, Oxford/AstraZeneca, Sinopharm/Beijing",0,1,0,1,0,0,0,0,0,0,0,0,0,0,447.24449220849004,2014,45.3,SSA,21.0,4.58884811,2.0
Congo,COG,Africa,11748.857142857143,2129.1521428571427,27.83042857142857,,,,50.93,5518092.0,15.405,4881.406,37.0,0.574,presidential republic,,"Moderna, Oxford/AstraZeneca, Sinopharm/Beijing, Sputnik V",1,1,0,1,0,0,0,1,0,0,0,0,0,0,15.35684626647145,2011,48.9,SSA,19.0,2.13848233,4.0
Cook Islands,COK,Oceania,,,,47.2,47.2,,,17564.0,,,,,parliamentary democracy,,Oxford/AstraZeneca,0,0,0,1,0,0,0,0,0,0,0,0,0,0,,,,,,,1.0
Costa Rica,CRI,North America,320832.14285714284,62980.95057142858,796.83,32.56,19.87,12.69,66.67,5094114.0,96.07899999999998,15524.994999999999,1.3,0.8100000000000003,presidential republic,,"Oxford/AstraZeneca, Pfizer/BioNTech",0,0,0,1,0,1,0,0,0,0,0,0,0,0,97.91306306306306,2019,48.2,AME,57.0,7.56336021,2.0
Cote d'Ivoire,CIV,Africa,47322.42857142857,1793.9924285714283,11.56242857142857,2.084,2.084,,25.93,26378275.0,76.399,3601.0060000000003,28.199999999999996,0.5379999999999999,presidential republic,,Oxford/AstraZeneca,0,0,0,1,0,0,0,0,0,0,0,0,0,0,78.8340534591195,2015,41.5,SSA,36.0,4.19003773,1.0
Croatia,HRV,Europe,356544.14285714284,86850.39385714286,1957.1021428571428,43.76166666666666,31.451666666666664,12.311666666666667,,4105268.0,73.726,22669.797,0.7000000000000001,0.851,parliamentary republic,,"Moderna, Oxford/AstraZeneca, Pfizer/BioNTech",0,0,0,1,0,1,0,1,0,0,0,0,0,0,72.23613712670083,2018,29.7,WE/EU,47.0,6.82702351,3.0
Cuba,CUB,North America,143374.14285714287,12658.162285714285,85.38671428571429,19.626666666666665,11.540000000000001,1.3133333333333335,,11326616.0,110.408,,,0.783,communist state,,"Abdala, Soberana02",0,0,0,0,0,0,0,0,0,1,1,0,0,0,109.23061657032756,,,AME,47.0,11.18745422,2.0
Curacao,CUW,North America,,,,93.98428571428572,51.83571428571428,42.14857142857142,,164100.0,362.64399999999995,,,,,,"Moderna, Pfizer/BioNTech",0,0,0,0,0,1,0,1,0,0,0,0,0,0,358.86486486486484,,,,,,2.0
Cyprus,CYP,Europe,72521.42857142857,82796.56514285714,411.9847142857143,70.38,44.4675,25.9125,,875899.0,127.65700000000002,32415.132000000005,,0.8870000000000002,Republic of Cyprus - presidential republic," ""Turkish Republic of Northern Cyprus"" (self-declared) - parliamentary republic with enhanced presidency","Johnson&Johnson, Moderna, Oxford/AstraZeneca, Pfizer/BioNTech",0,0,0,1,0,1,0,1,1,0,0,0,0,0,128.70833333333334,2018,32.7,WE/EU,57.0,6.76976299,4.0
Czechia,CZE,Europe,1661864.2857142857,155184.15142857144,2812.539,50.940000000000005,36.839999999999996,14.502857142857144,50.93,10708982.0,137.17600000000002,32605.90600000001,,0.9000000000000001,parliamentary republic,,"Johnson&Johnson, Moderna, Oxford/AstraZeneca, Pfizer/BioNTech",0,0,0,1,0,1,0,1,1,0,0,0,0,0,137.69336787564768,2018,25.0,WE/EU,54.0,7.64651203,4.0
Democratic Republic of Congo,COD,Africa,31847.285714285714,355.59157142857146,8.760000000000002,0.03,0.03,,39.81,89561404.0,35.879,808.1329999999999,77.10000000000001,0.48,semi-presidential republic,,Oxford/AstraZeneca,0,0,0,1,0,0,0,0,0,0,0,0,0,0,37.08259235570455,2012,42.1,SSA,18.0,3.30075741,1.0
Denmark,DNK,Europe,282966.85714285716,48853.06271428572,434.5991428571428,59.97833333333333,37.815,22.165000000000003,50.0,5792203.0,136.52,46682.51500000001,0.19999999999999998,0.9399999999999997,parliamentary constitutional monarchy,,"Moderna, Pfizer/BioNTech",0,0,0,0,0,1,0,1,0,0,0,0,0,0,144.8409,2018,28.2,WE/EU,88.0,10.0707159,2.0
Djibouti,DJI,Africa,11537.285714285714,11677.391142857145,155.72542857142858,2.16,1.27,0.89,,988002.0,41.285000000000004,2705.4059999999995,22.5,0.524,presidential republic,,"Oxford/AstraZeneca, Sinopharm/Beijing, Sputnik V",1,1,0,1,0,0,0,0,0,0,0,0,0,0,41.36842105263158,2017,41.6,SSA,27.0,2.32438445,3.0
Dominica,DMA,North America,188.0,2611.4379999999996,,51.54,27.535,24.009999999999998,31.48,71991.0,98.56700000000001,9673.367,,0.742,parliamentary republic,,Oxford/AstraZeneca,0,0,0,1,0,0,0,0,0,0,0,0,0,0,95.5,,,AME,55.0,6.59153605,1.0
Dominican Republic,DOM,North America,294350.85714285716,27134.353285714285,335.06128571428565,41.57285714285714,30.972857142857144,10.598571428571429,66.67,10847904.0,222.87300000000002,14600.861000000003,1.5999999999999999,0.756,presidential republic,,"Oxford/AstraZeneca, Sinopharm/Beijing, Sinovac",0,1,1,1,0,0,0,0,0,0,0,0,0,0,219.9785758642103,2019,41.9,AME,28.0,5.73298407,3.0
Ecuador,ECU,South America,427675.71428571426,24240.450142857142,1168.926,13.37,9.18,4.192,,17643060.0,66.93899999999998,10581.936000000002,3.6000000000000005,0.7590000000000001,presidential republic,,"Oxford/AstraZeneca, Pfizer/BioNTech, Sinovac",0,0,1,1,0,1,0,0,0,0,0,0,0,0,68.78868175229506,2019,45.7,AME,39.0,8.13646507,3.0
Egypt,EGY,Africa,263568.14285714284,2575.5577142857146,147.90171428571426,2.585,2.25,0.33,,102334403.0,97.99900000000001,10550.206,1.3,0.707,presidential republic,,"Oxford/AstraZeneca, Sinopharm/Beijing, Sinovac, Sputnik V",1,1,1,1,0,0,0,0,0,0,0,0,0,0,98.87346928524788,2017,31.5,MENA,33.0,4.947577,4.0
El Salvador,SLV,North America,73697.14285714286,11362.143142857141,347.1545714285714,30.383333333333336,17.796666666666667,12.586666666666668,,6486201.0,307.811,7292.458,2.1999999999999997,0.6729999999999999,presidential republic,,"Oxford/AstraZeneca, Pfizer/BioNTech, Sinovac",0,0,1,1,0,1,0,0,0,0,0,0,0,0,309.8814671814672,2019,38.8,AME,36.0,7.10940361,3.0
Equatorial Guinea,GNQ,Africa,8553.57142857143,6096.694714285715,84.10600000000001,16.0,10.55,5.45,,1402985.0,45.194,22604.872999999996,,0.592,presidential republic,,Sinopharm/Beijing,0,1,0,0,0,0,0,0,0,0,0,0,0,0,46.66573975044563,,,SSA,16.0,2.99830961,1.0
Eritrea,ERI,Africa,4150.0,1170.191857142857,3.948,,,,64.81,3546427.0,44.30399999999999,1510.459,,0.459,presidential republic,,,,,,,,,,,,,,,,,34.186,,,SSA,21.0,4.09255791,0.0
Estonia,EST,Europe,129692.28571428571,97767.41271428573,946.6092857142858,54.30142857142857,36.184285714285714,18.115714285714287,41.67,1326539.0,31.03300000000001,29481.252000000004,0.5,0.8920000000000001,parliamentary republic,,"Johnson&Johnson, Moderna, Oxford/AstraZeneca, Pfizer/BioNTech",0,0,0,1,0,1,0,1,1,0,0,0,0,0,30.411249137336092,2018,30.3,WE/EU,75.0,6.6878767,4.0
Eswatini,SWZ,Africa,18607.0,16038.249714285714,579.9668571428573,,,,47.22,1160164.0,79.492,7738.974999999999,,0.6109999999999999,absolute monarchy,,Oxford/AstraZeneca,0,0,0,1,0,0,0,0,0,0,0,0,0,0,66.05761627906976,2016,54.6,SSA,33.0,6.54034519,1.0
Ethiopia,ETH,Africa,271832.71428571426,2364.511571428571,36.272285714285715,1.5914285714285714,1.5914285714285714,,43.52,114963583.0,104.95700000000001,1729.927,26.699999999999996,0.48499999999999993,federal parliamentary republic,,Oxford/AstraZeneca,0,0,0,1,0,0,0,0,0,0,0,0,0,0,96.718782679248,2015,35.0,SSA,38.0,3.29555655,1.0
Europe,OWID_EUR,,46942554.571428575,62700.41971428571,1437.024857142857,48.93428571428571,32.11857142857143,17.252857142857142,,748680069.0,,,,,,,,,,,,,,,,,,,,,,,,,,,,0.0
European Union,OWID_EUN,,32235090.285714287,72451.58314285715,1632.7347142857145,57.14142857142857,38.91428571428572,18.96142857142857,,444919060.0,,,,,,,,,,,,,,,,,,,,,,,,,,,,0.0
Faeroe Islands,FRO,Europe,,,,69.05333333333333,43.06333333333333,25.99,38.89,48865.0,35.308,,,,parliamentary democracy (Faroese Parliament), part of the Kingdom of Denmark,"Moderna, Pfizer/BioNTech",0,0,0,0,0,1,0,1,0,0,0,0,0,0,34.73997134670487,,,,,,2.0
Fiji,FJI,Oceania,468.2857142857143,522.3814285714286,4.462,15.2,15.2,,67.59,896444.0,49.562000000000005,8702.975,1.4000000000000001,0.7430000000000001,parliamentary republic,,Oxford/AstraZeneca,0,0,0,1,0,0,0,0,0,0,0,0,0,0,48.35703338806787,2013,36.7,,,3.42366552,1.0
Finland,FIN,Europe,92646.71428571429,16721.066428571427,172.3602857142857,54.964999999999996,45.421666666666674,9.546666666666667,,5540718.0,18.136,40585.721,,0.9379999999999998,parliamentary republic,,"Moderna, Oxford/AstraZeneca, Pfizer/BioNTech",0,0,0,1,0,1,0,1,0,0,0,0,0,0,18.147950118452226,2018,27.3,WE/EU,85.0,9.037323,3.0
France,FRA,Europe,5739147.857142857,84943.55771428572,1624.9147142857144,55.156666666666666,38.64833333333333,16.948333333333334,54.63,67564251.0,122.57799999999999,38605.67100000001,,0.9009999999999999,semi-presidential republic,,"Johnson&Johnson, Moderna, Oxford/AstraZeneca, Pfizer/BioNTech",0,0,0,1,0,1,0,1,1,0,0,0,0,0,122.29943549256059,2018,32.4,WE/EU,69.0,11.25789452,4.0
French Polynesia,PYF,Oceania,,,,36.76,20.56,16.2,,280904.0,77.324,,,,parliamentary democracy (Assembly of French Polynesia), an overseas collectivity of France,Oxford/AstraZeneca,0,0,0,1,0,0,0,0,0,0,0,0,0,0,78.88607954545455,,,,,,1.0
Gabon,GAB,Africa,24433.85714285714,10977.917142857143,68.16385714285715,1.01,0.64,0.37,,2225728.0,7.859000000000001,16562.413,3.3999999999999995,0.7030000000000001,presidential republic,,Sinopharm/Beijing,0,1,0,0,0,0,0,0,0,0,0,0,0,0,8.224764233321691,2017,38.0,SSA,30.0,2.74503946,1.0
Gambia,GMB,Africa,5993.285714285715,2479.983,73.9507142857143,,,,,2416664.0,207.566,1561.767,10.1,0.496,presidential republic,,Oxford/AstraZeneca,0,0,0,1,0,0,0,0,0,0,0,0,0,0,225.30652173913043,2015,35.9,SSA,37.0,3.09379649,1.0
Georgia,GEO,Asia,345219.5714285714,86539.08928571429,1204.5454285714284,4.504999999999999,3.693333333333333,0.8099999999999999,,3989175.0,65.032,9745.079,4.2,0.8120000000000002,semi-presidential republic,,Oxford/AstraZeneca,0,0,0,1,0,0,0,0,0,0,0,0,0,0,65.197330207495,2019,35.9,ECA,56.0,7.11329746,1.0
Germany,DEU,Europe,3694228.1428571427,44092.315571428575,1059.4495714285713,61.85000000000001,43.72714285714286,18.82,75.0,83783945.0,237.01600000000002,45229.245,,0.9470000000000001,federal parliamentary republic,,"Johnson&Johnson, Moderna, Oxford/AstraZeneca, Pfizer/BioNTech",0,0,0,1,0,1,0,1,1,0,0,0,0,0,237.29401225027192,2016,31.9,WE/EU,80.0,11.42995071,4.0
Ghana,GHA,Africa,93970.28571428571,3024.183571428571,25.263,3.95,2.74,1.21,,31072945.0,126.71900000000002,4227.63,12.0,0.6109999999999999,presidential republic,,"Oxford/AstraZeneca, Sputnik V",1,0,0,1,0,0,0,0,0,0,0,0,0,0,130.82142919926167,2016,43.5,SSA,43.0,3.53888083,2.0
Gibraltar,GIB,Europe,,,,230.385,116.025,114.36,,33691.0,3457.1,,,,parliamentary democracy (Parliament), self-governing overseas territory of the UK,Pfizer/BioNTech,0,0,0,0,0,1,0,0,0,0,0,0,0,0,3371.8,,,,,,1.0
Greece,GRC,Europe,404045.0,38764.54285714286,1162.8341428571428,55.09,35.733333333333334,20.448333333333334,62.04,10423056.0,83.479,24574.382000000005,1.5,0.888,parliamentary republic,,"Johnson&Johnson, Moderna, Oxford/AstraZeneca, Pfizer/BioNTech",0,0,0,1,0,1,0,1,1,0,0,0,0,0,83.26518231186967,2018,32.9,WE/EU,50.0,7.71544075,4.0
Greenland,GRL,North America,,,,41.821666666666665,27.031666666666666,14.79,50.93,56772.0,0.13699999999999998,,,,parliamentary democracy (Parliament of Greenland or Inatsisartut),,Pfizer/BioNTech,0,0,0,0,0,1,0,0,0,0,0,0,0,0,0.1364916555000609,,,,,,1.0
Grenada,GRD,North America,161.0,1430.8690000000001,8.887,,,,,112519.0,317.132,13593.877000000004,,0.779,parliamentary democracy under a constitutional monarchy, a Commonwealth realm,Oxford/AstraZeneca,0,0,0,1,0,0,0,0,0,0,0,0,0,0,327.8058823529412,,,AME,53.0,4.46386862,1.0
Guatemala,GTM,North America,256295.14285714287,14305.723142857143,457.03285714285715,2.9500000000000006,2.478333333333333,0.4683333333333333,51.85,17915567.0,157.83400000000003,7423.808000000003,8.700000000000001,0.6629999999999999,presidential republic,,"Moderna, Oxford/AstraZeneca",0,0,0,1,0,0,0,1,0,0,0,0,0,0,152.54712579320642,2014,48.3,AME,25.0,5.70716429,2.0
Guernsey,GGY,Europe,,,,100.815,,,,67052.0,,,,,parliamentary democracy (States of Deliberation),,"Moderna, Oxford/AstraZeneca, Pfizer/BioNTech",0,0,0,1,0,1,0,1,0,0,0,0,0,0,,,,,,,3.0
Guinea,GIN,Africa,23201.285714285714,1766.6679999999997,12.302999999999999,2.7175,2.04,0.6775,58.330000000000005,13132792.0,51.755,1998.926,35.300000000000004,0.477,presidential republic,,Sputnik V,1,0,0,0,0,0,0,0,0,0,0,0,0,0,50.52221227413316,2012,33.7,SSA,28.0,3.93172431,1.0
Guinea-Bissau,GNB,Africa,3773.8571428571427,1917.6122857142857,34.553000000000004,,,,,1967998.0,66.19100000000002,1548.6749999999997,67.10000000000001,0.48,semi-presidential republic,,"Oxford/AstraZeneca, Sinopharm/Beijing",0,1,0,1,0,0,0,0,0,0,0,0,0,0,66.65394736842106,,,SSA,19.0,6.99553871,2.0
Guyana,GUY,South America,17127.14285714286,21774.771857142856,498.73657142857144,34.91,25.92,9.0,,786559.0,3.951999999999999,7435.047,,0.6820000000000002,parliamentary republic,,"Oxford/AstraZeneca, Sputnik V",1,0,0,1,0,0,0,0,0,0,0,0,0,0,3.9573482346964695,,,AME,41.0,5.93609333,2.0
Haiti,HTI,North America,14571.714285714286,1277.9367142857143,27.51271428571428,,,,,11402533.0,398.448,1653.1729999999993,23.5,0.5099999999999999,semi-presidential republic,,,,,,,,,,,,,,,,,403.5985486211901,2012,41.1,AME,18.0,7.69460344,0.0
Honduras,HND,North America,238828.57142857142,24112.874571428572,643.2217142857143,3.38,,,,9904608.0,82.80499999999999,4541.794999999999,16.0,0.634,presidential republic,,"Johnson&Johnson, Moderna, Oxford/AstraZeneca, Sputnik V",1,0,0,1,0,0,0,1,1,0,0,0,0,0,85.68703190633659,2019,48.2,AME,24.0,7.04958153,4.0
Hong Kong,HKG,Asia,11844.285714285714,1579.8725714285715,28.011,32.47714285714286,18.701428571428572,13.775714285714287,71.3,7496988.0,7039.714,56054.91999999999,,0.949,presidential limited democracy, a special administrative region of the People's Republic of China,"Pfizer/BioNTech, Sinovac",0,0,1,0,0,1,0,0,0,0,0,0,0,0,7096.190476190476,,,AP,77.0,,2.0
Hungary,HUN,Europe,804789.1428571428,83308.48714285715,3080.559714285714,91.82833333333333,53.715,38.11333333333333,,9660350.0,108.04299999999999,26777.560999999994,0.5,0.8540000000000001,parliamentary republic,,"Moderna, Oxford/AstraZeneca, Pfizer/BioNTech, Sinopharm/Beijing, Sputnik V",1,1,0,1,0,1,0,1,0,0,0,0,0,0,107.11772956388342,2018,29.6,WE/EU,44.0,6.70007229,5.0
Iceland,ISL,Europe,6555.0,19208.791,84.98200000000001,78.3,53.699999999999996,28.80666666666667,37.96,341250.0,3.404,46482.95799999999,0.19999999999999998,0.949,unitary parliamentary republic,,"Johnson&Johnson, Moderna, Oxford/AstraZeneca, Pfizer/BioNTech",0,0,0,1,0,1,0,1,1,0,0,0,0,0,3.4981751462858277,2017,26.1,WE/EU,75.0,8.46930885,4.0
India,IND,Asia,28305203.57142857,20510.951999999997,242.7367142857143,15.495714285714284,12.338571428571427,3.157142857142857,81.94,1380004385.0,450.419,6426.674,21.2,0.6450000000000001,federal parliamentary republic,,"Covaxin, Oxford/AstraZeneca",0,0,0,1,0,0,0,0,0,0,0,0,0,0,454.9380725752475,2011,35.7,AP,40.0,3.544245,1.0
Indonesia,IDN,Asia,1826672.5714285714,6678.299142857142,185.54999999999998,10.076666666666666,6.126666666666666,3.9533333333333336,68.98,273523621.0,145.725,11188.743999999997,5.700000000000001,0.718,presidential republic,,"Oxford/AstraZeneca, Sinovac",0,0,1,1,0,0,0,0,0,0,0,0,0,0,142.56230429625478,2019,38.2,AP,37.0,2.87053037,2.0
International,OWID_INT,,721.0,,,,,,,,,,,,,,,,,,,,,,,,,,,,,,,,,,,0.0
Iran,IRN,Asia,2923874.714285714,34810.95271428572,956.07,,,,,83992953.0,49.83100000000001,19082.62,0.19999999999999998,0.783,theocratic republic,,"Covaxin, Oxford/AstraZeneca, Sinopharm/Beijing, Sputnik V",1,1,0,1,0,0,0,0,0,0,0,0,0,0,50.22242012328397,2018,42.0,MENA,25.0,8.66168594,3.0
Iraq,IRQ,Asia,1205794.2857142857,29978.101571428568,407.913,,,,77.31,40222503.0,88.125,15663.986000000003,2.5,0.6740000000000002,federal parliamentary republic,,"Oxford/AstraZeneca, Pfizer/BioNTech, Sinopharm/Beijing",0,1,0,1,0,1,0,0,0,0,0,0,0,0,88.53057162864408,2012,29.5,MENA,21.0,4.1062417,3.0
Ireland,IRL,Europe,261873.42857142858,53034.477142857155,1000.6489999999997,48.35,35.66,,74.07,4937796.0,69.87400000000001,67335.293,0.19999999999999998,0.955,parliamentary republic,,"Johnson&Johnson, Moderna, Oxford/AstraZeneca, Pfizer/BioNTech",0,0,0,1,0,1,0,1,1,0,0,0,0,0,70.65344752503992,2017,31.4,WE/EU,72.0,6.92870378,4.0
Isle of Man,IMN,Europe,,,,105.39,72.11,33.28,,85032.0,147.87200000000004,,,,parliamentary democracy (Tynwald),,"Oxford/AstraZeneca, Pfizer/BioNTech",0,0,0,1,0,1,0,0,0,0,0,0,0,0,147.50350877192983,,,,,,2.0
Israel,ISR,Asia,839497.8571428572,96989.64585714285,740.9127142857142,122.29,62.98333333333333,59.306666666666665,39.355,8655541.0,402.60600000000005,33132.32,0.5,0.9190000000000003,parliamentary democracy,,"Moderna, Pfizer/BioNTech",0,0,0,0,0,1,0,1,0,0,0,0,0,0,410.48059149722735,2016,39.0,MENA,60.0,7.51703548,2.0
Italy,ITA,Europe,4220466.428571428,69803.81785714286,2087.354857142857,58.75,39.62428571428571,20.28857142857143,66.20571428571428,60461828.0,205.85899999999998,35220.084,2.0,0.8920000000000001,parliamentary republic,,"Johnson&Johnson, Moderna, Oxford/AstraZeneca, Pfizer/BioNTech",0,0,0,1,0,1,0,1,1,0,0,0,0,0,202.94145702482115,2017,35.9,WE/EU,53.0,8.66763401,4.0
Jamaica,JAM,North America,48558.0,16398.297714285716,320.1929999999999,,,,,2961161.0,266.87899999999996,8193.570999999998,,0.7340000000000001,parliamentary democracy (Parliament) under a constitutional monarchy, a Commonwealth realm,Oxford/AstraZeneca,0,0,0,1,0,0,0,0,0,0,0,0,0,0,270.99307479224376,,,AME,44.0,6.06135607,1.0
Japan,JPN,Asia,750259.4285714285,5932.0085714285715,103.78428571428572,11.059999999999999,8.21,2.848,49.07,126476458.0,347.77799999999996,39002.223,,0.9190000000000003,parliamentary constitutional monarchy,,"Moderna, Pfizer/BioNTech",0,0,0,0,0,1,0,1,0,0,0,0,0,0,347.1305898491084,2013,32.9,AP,74.0,10.95338821,2.0
Jersey,JEY,Europe,,,,107.42,60.31,47.11,,101073.0,,,,,parliamentary democracy (Assembly of the States of Jersey),,"Oxford/AstraZeneca, Pfizer/BioNTech",0,0,0,1,0,1,0,0,0,0,0,0,0,0,,,,,,,2.0
Jordan,JOR,Asia,736937.1428571428,72226.50485714288,928.3417142857143,,,,49.07,10203140.0,109.28499999999998,8337.49,0.09999999999999999,0.7290000000000001,parliamentary constitutional monarchy,,"Pfizer/BioNTech, Sinopharm/Beijing",0,1,0,0,0,1,0,0,0,0,0,0,0,0,112.14249831043028,,,MENA,49.0,7.79041338,2.0
Kazakhstan,KAZ,Asia,444202.28571428574,23657.092142857142,184.04271428571428,17.185,11.39,5.793333333333333,62.96,18776707.0,6.680999999999999,24055.587999999996,0.09999999999999999,0.8250000000000001,presidential republic,,"QazVac, Sinopharm/HayatVax, Sputnik V",1,1,0,0,1,0,0,0,0,0,0,0,0,0,6.769808497240434,2018,27.8,ECA,38.0,2.92212725,3.0
Kenya,KEN,Africa,171111.0,3182.1994285714286,59.31742857142857,1.8080000000000003,1.8060000000000003,0.0,,53771300.0,87.32399999999998,2993.0279999999993,36.800000000000004,0.601,presidential republic,,"Oxford/AstraZeneca, Sputnik V",1,0,0,1,0,0,0,0,0,0,0,0,0,0,90.29941666373827,2015,40.8,SSA,31.0,5.16729498,2.0
Kiribati,KIR,Oceania,2.0,16.744,,,,,56.94,119446.0,143.701,1981.1319999999998,,0.63,presidential republic,,,,,,,,,,,,,,,,,143.02098765432098,,,,,12.11170006,0.0
Kosovo,KOS,Europe,107016.28571428571,55369.27014285715,1163.095142857143,3.61,3.61,,40.74,1932774.0,168.155,9795.834,0.6,,parliamentary republic,,Oxford/AstraZeneca,0,0,0,1,0,0,0,0,0,0,0,0,0,0,,2017,29.0,ECA,36.0,,1.0
Kuwait,KWT,Asia,310565.14285714284,72722.29514285714,415.83671428571427,,,,50.93,4270563.0,232.12799999999996,65530.537000000004,,0.8059999999999999,constitutional monarchy (emirate),,Pfizer/BioNTech,0,0,0,0,0,1,0,0,0,0,0,0,0,0,232.17239057239058,,,MENA,42.0,4.99920797,1.0
Kyrgyzstan,KGZ,Asia,105164.14285714286,16119.108714285714,278.3265714285714,,,,50.0,6524191.0,32.333,3393.474000000001,1.4000000000000001,0.6970000000000001,parliamentary republic,,"Sinopharm/Beijing, Sputnik V",1,1,0,0,0,0,0,0,0,0,0,0,0,0,32.965589155370175,2019,29.7,ECA,31.0,6.53458309,2.0
Laos,LAO,Asia,1927.0,264.8595714285715,0.412,12.23,8.955,3.2750000000000004,85.19,7275556.0,29.715,6397.36,22.699999999999996,0.6130000000000001,communist state,,"Sinopharm/Beijing, Sputnik V",1,1,0,0,0,0,0,0,0,0,0,0,0,0,30.595784228769496,2018,38.8,AP,29.0,2.24630332,2.0
Latvia,LVA,Europe,133597.42857142858,70828.8022857143,1262.931,41.33857142857143,26.88285714285714,15.51,56.48,1886202.0,31.211999999999996,25063.845999999998,0.7000000000000001,0.8659999999999999,parliamentary republic,,"Johnson&Johnson, Moderna, Oxford/AstraZeneca, Pfizer/BioNTech",0,0,0,1,0,1,0,1,1,0,0,0,0,0,31.038395876952812,2018,35.1,WE/EU,57.0,6.18923044,4.0
Lebanon,LBN,Asia,540644.5714285715,79210.19214285715,1133.239,11.692857142857141,7.828571428571428,3.8628571428571425,,6825442.0,594.561,13367.565,,0.744,parliamentary republic,,"Oxford/AstraZeneca, Pfizer/BioNTech, Sinopharm/Beijing, Sputnik V",1,1,0,1,0,1,0,0,0,0,0,0,0,0,669.4941348973607,2011,31.8,MENA,25.0,8.35297012,4.0
Lesotho,LSO,Africa,10831.714285714286,5056.2275714285715,152.17600000000002,,,,,2142252.0,73.562,2851.1529999999993,59.60000000000001,0.527,parliamentary constitutional monarchy,,Oxford/AstraZeneca,0,0,0,1,0,0,0,0,0,0,0,0,0,0,69.43781291172596,2017,44.9,SSA,41.0,9.28354836,1.0
Liberia,LBR,Africa,2206.714285714286,436.3097142857143,17.004,1.11,1.11,,,5057677.0,49.127,752.7879999999999,38.6,0.48,presidential republic,,Oxford/AstraZeneca,0,0,0,1,0,0,0,0,0,0,0,0,0,0,50.03090739202658,2016,35.3,SSA,28.0,6.73955679,1.0
Libya,LBY,Africa,185955.2857142857,27062.657285714286,455.186,3.55,3.55,,79.63,6871287.0,3.6230000000000007,17881.508999999995,,0.7240000000000001,in transition,,"Johnson&Johnson, Moderna, Oxford/AstraZeneca, Pfizer/BioNTech, Sinovac, Sputnik V",1,0,1,1,0,1,0,1,1,0,0,0,0,0,3.7956323811905386,,,MENA,17.0,,6.0
Liechtenstein,LIE,Europe,3013.1428571428573,79008.38714285714,1520.833,57.544000000000004,33.794,23.752,,38137.0,237.01199999999997,,,0.9190000000000003,constitutional monarchy,,"Moderna, Pfizer/BioNTech",0,0,0,0,0,1,0,1,0,0,0,0,0,0,236.9375,,,,,,2.0
Lithuania,LTU,Europe,274840.28571428574,100959.18685714285,1569.7385714285715,60.75833333333333,38.02166666666667,22.735,,2722291.0,45.135,29524.265000000007,0.7000000000000001,0.8819999999999999,semi-presidential republic,,"Johnson&Johnson, Moderna, Oxford/AstraZeneca, Pfizer/BioNTech",0,0,0,1,0,1,0,1,1,0,0,0,0,0,44.73164617595402,2018,35.7,WE/EU,60.0,6.56775236,4.0
Luxembourg,LUX,Europe,69981.71428571429,111796.16200000001,1304.0205714285714,56.44200000000001,37.04,19.406,45.37,625976.0,231.44700000000006,94277.96499999998,0.19999999999999998,0.9160000000000001,constitutional monarchy,,"Moderna, Oxford/AstraZeneca, Pfizer/BioNTech",0,0,0,1,0,1,0,1,0,0,0,0,0,0,250.1851851851852,2018,35.4,WE/EU,80.0,5.28587103,3.0
Macao,MAC,Asia,,,,27.758333333333336,17.64166666666667,10.238333333333333,23.149999999999995,649342.0,20546.766,104861.85100000001,,,executive-led limited democracy, a special administrative region of the People's Republic of China,"Pfizer/BioNTech, Sinopharm/Beijing",0,1,0,0,0,1,0,0,0,0,0,0,0,0,19198.662613981764,,,,,,2.0
Madagascar,MDG,Africa,41379.28571428572,1494.3215714285718,30.422571428571427,0.13,0.13,,,27691019.0,43.95100000000001,1416.4400000000003,77.60000000000001,0.528,semi-presidential republic,,Oxford/AstraZeneca,0,0,0,1,0,0,0,0,0,0,0,0,0,0,45.13985562048814,2012,42.6,SSA,25.0,4.78956461,1.0
Malawi,MWI,Africa,34349.142857142855,1795.5682857142858,60.39914285714285,1.861666666666667,1.861666666666667,,,19129955.0,197.519,1095.0419999999997,71.39999999999999,0.48300000000000004,presidential republic,,Oxford/AstraZeneca,0,0,0,1,0,0,0,0,0,0,0,0,0,0,192.44076156130674,2016,44.7,SSA,30.0,9.33423615,1.0
Malaysia,MYS,Asia,580221.0,17926.868714285712,89.65771428571428,9.92,6.49,3.4299999999999997,80.56,32365998.0,96.254,26808.163999999997,0.09999999999999999,0.8100000000000003,federal parliamentary constitutional monarchy,,"Oxford/AstraZeneca, Pfizer/BioNTech, Sinovac",0,0,1,1,0,1,0,0,0,0,0,0,0,0,95.96282148835793,2015,41.1,AP,51.0,3.7562995,3.0
Maldives,MDV,Asia,65069.142857142855,120377.58942857143,307.89185714285713,88.53500000000001,57.40833333333333,31.126666666666665,,540542.0,1454.4329999999998,15183.616000000005,,0.7400000000000001,presidential republic,,"Oxford/AstraZeneca, Pfizer/BioNTech, Sinopharm/Beijing",0,1,0,1,0,1,0,0,0,0,0,0,0,0,1718.9866666666667,2016,31.3,AP,43.0,9.41152477,3.0
Mali,MLI,Africa,14273.857142857143,704.852857142857,25.53,0.63,0.46,0.17,44.44,20250834.0,15.196,2014.3060000000003,,0.43400000000000005,semi-presidential republic,,Oxford/AstraZeneca,0,0,0,1,0,0,0,0,0,0,0,0,0,0,15.635015858186021,,,SSA,30.0,3.8849268,1.0
Malta,MLT,Europe,30544.14285714286,69176.54571428572,948.9539999999998,119.67857142857143,72.58714285714287,49.20142857142857,56.48,441539.0,1454.037,36513.323,0.19999999999999998,0.8949999999999998,parliamentary republic,,"Johnson&Johnson, Moderna, Oxford/AstraZeneca, Pfizer/BioNTech",0,0,0,1,0,1,0,1,1,0,0,0,0,0,1514.46875,2018,28.7,WE/EU,53.0,8.96454525,4.0
Marshall Islands,MHL,Oceania,4.0,67.574,,,,,,59194.0,295.15000000000003,3819.2020000000007,,0.704,mixed presidential-parliamentary system in free association with the US,,,,,,,,,,,,,,,,,324.51666666666665,,,,,17.55299377,0.0
Mauritania,MRT,Africa,19599.85714285714,4215.331285714286,99.73057142857144,0.8,0.66,0.15,,4649660.0,4.289000000000001,3597.6330000000007,6.0,0.5460000000000002,presidential republic,,"Oxford/AstraZeneca, Sinopharm/Beijing",0,1,0,1,0,0,0,0,0,0,0,0,0,0,4.272163578150772,2014,32.6,SSA,29.0,4.58039093,2.0
Mauritius,MUS,Africa,1394.857142857143,1096.7865714285713,14.041571428571428,31.52,18.3,13.22,80.56,1271767.0,622.9620000000001,20292.745,0.5,0.8040000000000002,parliamentary republic,,"Covaxin, Oxford/AstraZeneca, Sinopharm/Beijing",0,1,0,1,0,0,0,0,0,0,0,0,0,0,623.3019704433498,2017,36.8,SSA,53.0,5.82624388,2.0
Mexico,MEX,North America,2419870.714285714,18768.471714285715,1754.4538571428573,24.59166666666667,17.456666666666667,10.025,44.44,128932753.0,66.444,17336.468999999997,2.5,0.779,federal presidential republic,,"CanSino, Oxford/AstraZeneca, Pfizer/BioNTech, Sinovac, Sputnik V",1,0,1,1,0,1,0,0,0,0,0,0,1,0,64.91462640500013,2018,45.4,AME,31.0,5.37147474,5.0
Micronesia (country),FSM,Oceania,1.0,8.694,,,,,,115021.0,150.77700000000002,3299.4640000000004,16.0,0.62,federal republic in free association with the US,,,,,,,,,,,,,,,,,160.9142857142857,2013,40.1,,,12.59075356,0.0
Moldova,MDA,Europe,255245.42857142858,63274.11257142857,1515.6667142857143,10.676,8.572,2.106,56.94,4033963.0,123.65499999999999,5189.972000000001,0.19999999999999998,0.75,parliamentary republic,,"Oxford/AstraZeneca, Pfizer/BioNTech, Sinopharm/Beijing, Sputnik V",1,1,0,1,0,1,0,0,0,0,0,0,0,0,94.2644302783293,2018,25.7,ECA,34.0,6.59544849,4.0
Monaco,MCO,Europe,2505.8571428571427,63853.25528571429,829.9721428571429,80.97,45.11,35.85,54.63,39244.0,19347.5,,,,constitutional monarchy,,Pfizer/BioNTech,0,0,0,0,0,1,0,0,0,0,0,0,0,0,19083.3744449926,,,,,1.59738493,1.0
Mongolia,MNG,Asia,59982.71428571428,18296.940714285713,86.97914285714285,98.26833333333333,56.779999999999994,41.49,62.04,3278292.0,1.9800000000000002,11840.846000000003,0.5,0.737,semi-presidential republic,,"Oxford/AstraZeneca, Pfizer/BioNTech, Sinopharm/Beijing, Sputnik V",1,1,0,1,0,1,0,0,0,0,0,0,0,0,2.0357667819335945,2018,32.7,AP,35.0,3.78789377,4.0
Montenegro,MNE,Europe,99657.71428571429,158674.96228571428,2524.7735714285714,34.65428571428571,21.345714285714283,13.308571428571428,,628062.0,46.28000000000001,16409.288,1.0,0.829,parliamentary republic,,"Oxford/AstraZeneca, Pfizer/BioNTech, Sinopharm/Beijing, Sputnik V",1,1,0,1,0,1,0,0,0,0,0,0,0,0,46.262230483271374,2016,38.5,ECA,45.0,8.4230423,4.0
Morocco,MAR,Africa,519717.4285714286,14080.454285714286,247.99700000000004,39.34,23.97,15.370000000000001,71.3,36910558.0,80.08,7485.013,1.0,0.6859999999999999,parliamentary constitutional monarchy,,"Oxford/AstraZeneca, Sinopharm/Beijing",0,1,0,1,0,0,0,0,0,0,0,0,0,0,80.72851893345283,2013,39.5,MENA,40.0,5.31261539,2.0
Mozambique,MOZ,Africa,70865.14285714286,2267.290142857143,26.75614285714286,1.26,1.02,0.24,,31255435.0,37.728,1136.103,62.89999999999999,0.456,presidential republic,,"Oxford/AstraZeneca, Sinopharm/Beijing",0,1,0,1,0,0,0,0,0,0,0,0,0,0,37.50853531371602,2014,54.0,SSA,25.0,8.17430115,2.0
Myanmar,MMR,Asia,143771.7142857143,2642.386714285714,59.14371428571429,,,,72.22,54409794.0,81.721,5591.597000000001,6.3999999999999995,0.5830000000000001,parliamentary republic,,Oxford/AstraZeneca,0,0,0,1,0,0,0,0,0,0,0,0,0,0,82.27514974187717,2017,30.7,AP,28.0,4.79125547,1.0
Namibia,NAM,Africa,55997.57142857143,22038.340285714283,335.4805714285714,3.132857142857143,2.7514285714285713,0.3828571428571429,45.37,2540916.0,3.078,9541.808000000003,13.400000000000002,0.6459999999999999,presidential republic,,"Oxford/AstraZeneca, Sinopharm/Beijing",0,1,0,1,0,0,0,0,0,0,0,0,0,0,2.9737455817512664,2015,59.1,SSA,51.0,7.95077181,2.0
Nepal,NPL,Asia,566863.1428571428,19455.22457142857,255.89128571428571,9.643333333333333,7.25,2.3933333333333335,,29136808.0,204.43000000000004,2442.804,15.0,0.602,federal parliamentary republic,,"Oxford/AstraZeneca, Sinopharm/Beijing",0,1,0,1,0,0,0,0,0,0,0,0,0,0,195.93910708057203,,,AP,33.0,5.84083414,2.0
Netherlands,NLD,Europe,1679322.7142857143,98006.13728571427,1045.2951428571428,56.56,39.52,18.67,53.699999999999996,17134873.0,508.544,48472.54499999999,,0.9440000000000001,parliamentary constitutional monarchy, part of the Kingdom of the Netherlands,"Johnson&Johnson, Moderna, Oxford/AstraZeneca, Pfizer/BioNTech",0,0,0,1,0,1,0,1,1,0,0,0,0,0,511.7797445797446,2018,28.1,WE/EU,82.0,9.97458649,4.0
New Caledonia,NCL,Oceania,,,,32.43,17.47,14.96,,285491.0,15.342,,,,parliamentary democracy (Territorial Congress), an overseas collectivity of France,Pfizer/BioNTech,0,0,0,0,0,1,0,0,0,0,0,0,0,0,15.539387308533916,,,,,,1.0
New Zealand,NZL,Oceania,2677.4285714285716,555.226,5.392000000000001,13.385,8.682500000000001,4.702500000000001,22.22,4822233.0,18.206,36085.843,,0.9309999999999999,parliamentary democracy under a constitutional monarchy, a Commonwealth realm,Pfizer/BioNTech,0,0,0,0,0,1,0,0,0,0,0,0,0,0,18.611522539971897,,,AP,88.0,9.21034622,1.0
Nicaragua,NIC,North America,7413.714285714285,1119.1268571428568,28.163285714285717,,,,,6624554.0,51.667000000000016,5321.444,3.1999999999999997,0.66,presidential republic,,"Oxford/AstraZeneca, Sputnik V",1,0,0,1,0,0,0,0,0,0,0,0,0,0,53.72704836297158,2014,46.2,AME,22.0,8.56453705,2.0
Niger,NER,Africa,5414.571428571428,223.68100000000004,7.932000000000001,,,,30.56,24206636.0,16.955,926.0,44.5,0.394,semi-presidential republic,,"Oxford/AstraZeneca, Sinopharm/Beijing",0,1,0,1,0,0,0,0,0,0,0,0,0,0,17.717650588142416,2014,34.3,SSA,32.0,7.33380175,2.0
Nigeria,NGA,Africa,166517.7142857143,807.7909999999999,10.168571428571429,0.9899999999999999,0.95,0.04,,206139587.0,209.588,5338.454000000001,,0.539,federal presidential republic,,Oxford/AstraZeneca,0,0,0,1,0,0,0,0,0,0,0,0,0,0,215.06498896538093,2018,35.1,SSA,25.0,3.88990784,1.0
North America,OWID_NAM,,38942731.0,65773.61785714286,1489.1932857142858,61.737142857142864,37.519999999999996,26.121428571428574,,592072204.0,,,,,,,,,,,,,,,,,,,,,,,,,,,,0.0
North Macedonia,MKD,Europe,155311.2857142857,74547.74742857143,2602.0904285714287,15.229999999999999,11.283333333333333,3.9433333333333334,,2083380.0,82.60000000000001,13111.214000000004,5.0,0.774,parliamentary republic,,"Oxford/AstraZeneca, Pfizer/BioNTech, Sinopharm/Beijing, Sputnik V",1,1,0,1,0,1,0,0,0,0,0,0,0,0,82.59151467089612,2018,33.0,ECA,35.0,6.58288956,4.0
Norway,NOR,Europe,125548.42857142857,23158.609857142856,144.5901428571429,50.40833333333333,30.915000000000003,19.495,63.88999999999999,5421242.0,14.462000000000002,64800.057000000015,0.19999999999999998,0.957,parliamentary constitutional monarchy,,"Moderna, Pfizer/BioNTech",0,0,0,0,0,1,0,1,0,0,0,0,0,0,14.548895620841897,2018,27.6,WE/EU,84.0,10.0493927,2.0
Oceania,OWID_OCE,,49265.142857142855,1154.350285714286,25.845,12.879999999999999,10.9,1.9828571428571427,,42677809.0,,,,,,,,,,,,,,,,,,,,,,,,,,,,0.0
Oman,OMN,Asia,218056.42857142858,42700.71857142857,460.97028571428575,,,,80.56,5106622.0,14.980000000000002,37960.708999999995,,0.8129999999999998,absolute monarchy,,"Oxford/AstraZeneca, Pfizer/BioNTech",0,0,0,1,0,1,0,0,0,0,0,0,0,0,15.604145395799677,,,MENA,54.0,4.13171434,2.0
Pakistan,PAK,Asia,924753.4285714285,4186.444285714286,94.81742857142856,3.4599999999999995,2.58,0.94,,220892331.0,255.57299999999992,5034.708,4.0,0.557,federal parliamentary republic,,"CanSino, Oxford/AstraZeneca, Sinopharm/Beijing, Sinovac, Sputnik V",1,1,1,1,0,0,0,0,0,0,0,0,1,0,275.2893187007057,2018,31.6,AP,31.0,3.20193386,5.0
Palestine,PSE,Asia,308711.5714285714,60514.87885714286,686.476,10.415,6.11,4.3149999999999995,,5101416.0,778.2020000000001,4449.898,1.0,0.7080000000000001,,,"Moderna, Oxford/AstraZeneca, Pfizer/BioNTech",0,0,0,1,0,1,0,1,0,0,0,0,0,0,758.9845514950166,2016,33.7,,,,3.0
Panama,PAN,North America,378994.85714285716,87836.67114285714,1478.146,24.815,15.978,8.794,,4314768.0,55.132999999999996,22267.037000000004,2.1999999999999997,0.8149999999999997,presidential republic,,"Oxford/AstraZeneca, Pfizer/BioNTech",0,0,0,1,0,1,0,0,0,0,0,0,0,0,56.309543389460345,2019,49.8,AME,35.0,7.26584625,2.0
Papua New Guinea,PNG,Oceania,15960.0,1783.8327142857142,18.107,,,,,8947027.0,18.22,3823.194,,0.555,parliamentary democracy under a constitutional monarchy, a Commonwealth realm,"Oxford/AstraZeneca, Sinopharm/Beijing",0,1,0,1,0,0,0,0,0,0,0,0,0,0,19.004363379410854,,,AP,27.0,2.36706114,2.0
Paraguay,PRY,South America,358750.5714285714,50297.80071428571,1302.9238571428573,5.509999999999999,4.433333333333333,1.0733333333333335,,7132530.0,17.144000000000002,8827.01,1.6999999999999997,0.7279999999999999,presidential republic,,"Covaxin, Oxford/AstraZeneca, Sinopharm/Beijing, Sinovac, Sputnik V",1,1,1,1,0,0,0,0,0,0,0,0,0,0,17.508358922728416,2019,45.7,AME,28.0,6.65451145,4.0
Peru,PER,South America,1959011.142857143,59414.663428571424,3606.2670000000003,12.383333333333333,8.638333333333334,3.7433333333333327,75.93,32971846.0,25.128999999999998,12236.706000000002,3.5,0.777,presidential republic,,"Oxford/AstraZeneca, Pfizer/BioNTech, Sinopharm/Beijing",0,1,0,1,0,1,0,0,0,0,0,0,0,0,24.99160625,2019,41.5,AME,38.0,5.23800182,3.0
Philippines,PHL,Asia,1235704.142857143,11276.618999999997,192.4367142857143,4.73,3.63,1.1,71.76,109581085.0,351.87300000000005,7599.188000000001,,0.718,presidential republic,,"Oxford/AstraZeneca, Pfizer/BioNTech, Sinovac, Sputnik V",1,0,1,1,0,1,0,0,0,0,0,0,0,0,357.6883053291746,2018,42.3,AP,34.0,4.40060663,4.0
Poland,POL,Europe,2872928.8571428573,75909.81700000001,1952.1698571428572,54.57857142857143,36.83571428571429,19.437142857142852,52.77999999999999,37846605.0,124.02700000000002,27216.445000000003,,0.88,parliamentary republic,,"Johnson&Johnson, Moderna, Oxford/AstraZeneca, Pfizer/BioNTech",0,0,0,1,0,1,0,1,1,0,0,0,0,0,124.03158376065585,2018,30.2,WE/EU,56.0,6.33085012,4.0
Portugal,PRT,Europe,849750.8571428572,83335.81185714286,1669.727,57.124285714285705,38.298571428571435,18.822857142857142,,10196707.0,112.371,27936.896000000004,0.5,0.864,semi-presidential republic,,"Johnson&Johnson, Moderna, Oxford/AstraZeneca, Pfizer/BioNTech",0,0,0,1,0,1,0,1,1,0,0,0,0,0,112.26193595151388,2018,33.5,WE/EU,61.0,9.40783501,4.0
Qatar,QAT,Asia,217663.14285714287,75549.67357142856,194.0752857142857,89.21571428571428,51.30428571428571,37.91142857142857,68.52,2881060.0,227.32200000000006,116935.59999999999,,0.848,absolute monarchy,,"Moderna, Pfizer/BioNTech",0,0,0,0,0,1,0,1,0,0,0,0,0,0,242.09547432550045,,,MENA,63.0,2.49480486,2.0
Russia,RUS,Europe,5022622.857142857,34416.97628571429,821.308,20.06142857142857,11.537142857142856,8.527142857142858,,145934460.0,8.823,24765.953999999998,0.09999999999999999,0.824,semi-presidential federation,,"EpiVacCorona, Sputnik V",1,0,0,0,0,0,0,0,0,0,0,0,0,1,8.822067892094156,2018,37.5,ECA,30.0,5.31590033,2.0
Rwanda,RWA,Africa,27020.14285714286,2086.1417142857144,27.452571428571428,,,,62.96,12952209.0,494.8690000000001,1854.2109999999998,56.0,0.543,presidential republic,,"Moderna, Oxford/AstraZeneca, Pfizer/BioNTech",0,0,0,1,0,1,0,1,0,0,0,0,0,0,498.6598702877989,2016,43.7,SSA,54.0,7.54268694,3.0
Saint Kitts and Nevis,KNA,North America,71.85714285714286,1350.9014285714286,,66.57,52.17,14.4,,53192.0,212.865,24654.385000000002,,0.779,federal parliamentary democracy under a constitutional monarchy, a Commonwealth realm,Oxford/AstraZeneca,0,0,0,1,0,0,0,0,0,0,0,0,0,0,201.6846153846154,,,,,5.31148005,1.0
Saint Lucia,LCA,North America,5072.714285714285,27624.799428571427,429.43728571428574,25.686,15.406,10.282,,183629.0,293.18699999999995,12951.838999999998,,0.7590000000000001,parliamentary democracy under a constitutional monarchy, a Commonwealth realm,Oxford/AstraZeneca,0,0,0,1,0,0,0,0,0,0,0,0,0,0,298.17868852459014,2016,51.2,AME,56.0,4.39812708,1.0
Saint Vincent and the Grenadines,VCT,North America,2040.857142857143,18394.88357142857,108.15999999999998,18.72,,,,110947.0,281.78700000000003,10727.145999999999,,0.7380000000000001,parliamentary democracy under a constitutional monarchy, a Commonwealth realm,Oxford/AstraZeneca,0,0,0,1,0,0,0,0,0,0,0,0,0,0,282.5897435897436,,,AME,59.0,4.47178459,1.0
Samoa,WSM,Oceania,3.0,15.120000000000001,,16.44,16.44,,,198410.0,69.413,6021.557,,0.715,parliamentary republic,,Oxford/AstraZeneca,0,0,0,1,0,0,0,0,0,0,0,0,0,0,69.30388692579506,2013,38.7,,,5.21262693,1.0
San Marino,SMR,Europe,5089.714285714285,149970.95542857147,2651.895,126.21,63.5825,62.6275,,33938.0,556.6669999999999,56861.46999999999,,,parliamentary republic,,"Pfizer/BioNTech, Sputnik V",1,0,0,0,0,1,0,0,0,0,0,0,0,0,563.0833333333334,,,,,7.14421701,2.0
Sao Tome and Principe,STP,Africa,2347.0,10709.021857142858,174.69242857142856,8.62,5.65,2.97,,219161.0,212.84099999999995,3052.7140000000004,32.300000000000004,0.625,semi-presidential republic,,Oxford/AstraZeneca,0,0,0,1,0,0,0,0,0,0,0,0,0,0,219.82083333333333,2017,56.3,SSA,47.0,6.26645994,1.0
Saudi Arabia,SAU,Asia,451741.28571428574,12975.901,211.92285714285714,41.15142857142858,,,53.7,34813867.0,15.322000000000001,49045.411,,0.8540000000000001,absolute monarchy,,"Oxford/AstraZeneca, Pfizer/BioNTech",0,0,0,1,0,1,0,0,0,0,0,0,0,0,15.676654308295614,,,MENA,53.0,6.3615365,2.0
Senegal,SEN,Africa,41454.42857142857,2475.7884285714285,68.127,3.12,2.7,0.42,,16743930.0,82.32799999999999,2470.5799999999995,38.0,0.512,presidential republic,,"Oxford/AstraZeneca, Sinopharm/Beijing",0,1,0,1,0,0,0,0,0,0,0,0,0,0,82.34747831506778,2011,40.3,SSA,45.0,3.97799659,2.0
Serbia,SRB,Europe,712722.4285714285,104741.32885714286,1009.9477142857143,68.29333333333334,37.56333333333334,30.73,,6804596.0,80.29100000000001,14048.880999999998,,0.8059999999999999,parliamentary republic,,"Oxford/AstraZeneca, Pfizer/BioNTech, Sinopharm/Beijing, Sputnik V",1,1,0,1,0,1,0,0,0,0,0,0,0,0,79.8376857992225,2017,36.2,ECA,38.0,8.53899002,4.0
Seychelles,SYC,Africa,11561.714285714286,117568.78457142856,421.27914285714286,,,,63.89000000000001,98340.0,208.354,26382.287000000004,1.0999999999999999,0.796,presidential republic,,"Oxford/AstraZeneca, Sinopharm/Beijing",0,1,0,1,0,0,0,0,0,0,0,0,0,0,210.3521739130435,2018,32.1,SSA,66.0,5.11036491,2.0
Sierra Leone,SLE,Africa,4152.714285714285,520.5870000000001,9.903,1.0,0.86,0.14,50.93,7976985.0,104.70000000000002,1390.2999999999997,52.199999999999996,0.452,presidential republic,,"Oxford/AstraZeneca, Sinopharm/Beijing",0,1,0,1,0,0,0,0,0,0,0,0,0,0,105.98717096148518,2018,35.7,SSA,33.0,16.06307983,2.0
Singapore,SGP,Asia,62079.142857142855,10611.197,5.616571428571428,69.19,38.99,30.19,58.330000000000005,5850343.0,7915.731,85535.38300000002,,0.9379999999999998,parliamentary republic,,"Moderna, Pfizer/BioNTech",0,0,0,0,0,1,0,1,0,0,0,0,0,0,7952.998589562764,,,AP,85.0,4.46444654,2.0
Slovakia,SVK,Europe,389865.5714285714,71408.61971428573,2263.1255714285717,48.347142857142856,32.237142857142864,16.111428571428572,,5459643.0,113.12799999999996,30155.152000000002,0.7000000000000001,0.8600000000000001,parliamentary republic,,Pfizer/BioNTech,0,0,0,0,0,1,0,0,0,0,0,0,0,0,113.28558652246257,2018,25.0,WE/EU,49.0,6.68639565,1.0
Slovenia,SVN,Europe,254139.2857142857,122245.117,2105.8202857142855,53.21857142857142,32.66142857142857,20.557142857142857,35.19,2078932.0,102.61900000000001,31400.84,,0.9169999999999999,parliamentary republic,,"Oxford/AstraZeneca, Pfizer/BioNTech",0,0,0,1,0,1,0,0,0,0,0,0,0,0,102.99229256470868,2018,24.6,WE/EU,60.0,8.29891014,2.0
Solomon Islands,SLB,Oceania,20.0,29.116999999999994,,,,,25.0,686878.0,21.841,2205.9229999999993,25.099999999999998,0.5670000000000001,parliamentary democracy under a constitutional monarchy, a Commonwealth realm,Oxford/AstraZeneca,0,0,0,1,0,0,0,0,0,0,0,0,0,0,23.324687388352984,2012,37.1,AP,42.0,4.47443104,1.0
Somalia,SOM,Africa,14675.857142857143,923.4037142857142,48.421,0.855,0.81,0.04,,15893219.0,23.5,,,,federal parliamentary republic,,"Oxford/AstraZeneca, Sinopharm/Beijing, Sinovac",0,1,1,1,0,0,0,0,0,0,0,0,0,0,23.923476902477127,2017,36.8,SSA,12.0,,3.0
South Africa,ZAF,Africa,1670630.7142857143,28168.396714285715,954.187,1.7971428571428572,,,25.0,59308690.0,46.754000000000005,12294.876000000002,18.900000000000002,0.7090000000000002,parliamentary republic,,"Johnson&Johnson, Pfizer/BioNTech",0,0,0,0,0,1,0,0,1,0,0,0,0,0,47.64075212886101,2014,63.0,SSA,44.0,8.25342083,2.0
South America,OWID_SAM,,28977373.0,67270.37885714286,1936.3747142857142,28.42571428571429,19.12142857142857,9.301428571428572,,430759772.0,,,,,,,,,,,,,,,,,,,,,,,,,,,,0.0
South Korea,KOR,Asia,141590.0,2761.6980000000003,38.318714285714286,16.615714285714287,12.325714285714286,4.291428571428571,50.0,51269183.0,527.967,35938.374,0.19999999999999998,0.9160000000000001,presidential republic,,"Oxford/AstraZeneca, Pfizer/BioNTech",0,0,0,1,0,1,0,0,0,0,0,0,0,0,529.1902481542247,2016,31.4,AP,61.0,7.56259203,2.0
South Sudan,SSD,Africa,10688.0,954.8199999999999,10.274000000000001,0.09,0.09,,68.52,11193729.0,,1569.8880000000001,,0.43299999999999994,presidential republic,,Oxford/AstraZeneca,0,0,0,1,0,0,0,0,0,0,0,0,0,0,17.368937384671515,2016,44.1,SSA,12.0,6.40037966,1.0
Spain,ESP,Europe,3682462.714285714,78761.19785714285,1711.1741428571427,59.242000000000004,39.524,20.764000000000003,56.02,46754783.0,93.105,34272.35999999999,1.0,0.904,parliamentary constitutional monarchy,,"Johnson&Johnson, Moderna, Oxford/AstraZeneca, Pfizer/BioNTech",0,0,0,1,0,1,0,1,1,0,0,0,0,0,93.66979207925012,2018,34.7,WE/EU,62.0,8.97741413,4.0
Sri Lanka,LKA,Asia,189613.57142857142,8854.96457142857,70.44371428571428,9.190000000000001,7.564,1.6260000000000001,,21413250.0,341.955,11669.077000000001,0.7000000000000001,0.782,presidential republic,,"Oxford/AstraZeneca, Sinopharm/Beijing, Sputnik V",1,1,0,1,0,0,0,0,0,0,0,0,0,0,350.28449502133714,2016,39.3,AP,38.0,3.75841475,3.0
Sudan,SDN,Africa,35490.57142857143,809.3765714285715,60.30071428571427,0.87,0.7749999999999999,0.09,,43849269.0,23.258000000000006,4466.5070000000005,,0.5099999999999999,presidential republic,,"Oxford/AstraZeneca, Pfizer/BioNTech, Sinopharm/Beijing, Sinovac",0,1,1,1,0,1,0,0,0,0,0,0,0,0,22.604786329022776,2014,34.2,SSA,16.0,4.51304483,4.0
Suriname,SUR,South America,15210.57142857143,25928.554142857145,527.9512857142856,14.7325,11.9075,2.825,,586634.0,3.612000000000001,13767.119000000002,,0.7380000000000001,presidential republic,,Oxford/AstraZeneca,0,0,0,1,0,0,0,0,0,0,0,0,0,0,3.692224358974359,,,AME,38.0,7.96947193,1.0
Sweden,SWE,Europe,1071060.0,106053.21000000004,1432.7772857142857,53.1575,37.545,15.610000000000003,58.598571428571425,10099270.0,24.718,46949.282999999996,0.5,0.9450000000000001,parliamentary constitutional monarchy,,"Oxford/AstraZeneca, Pfizer/BioNTech",0,0,0,1,0,1,0,0,0,0,0,0,0,0,24.981498121823673,2018,30.0,WE/EU,85.0,10.8985014,2.0
Switzerland,CHE,Europe,695226.8571428572,80330.16100000001,1250.0675714285715,56.948,36.104,20.844,49.07666666666666,8654618.0,214.24299999999997,57410.16599999998,,0.955,federal republic (formally a confederation),,"Moderna, Pfizer/BioNTech",0,0,0,0,0,1,0,1,0,0,0,0,0,0,215.46519222705317,2018,33.1,WE/EU,85.0,11.87620926,2.0
Syria,SYR,Asia,24528.571428571428,1401.5801428571428,101.38385714285714,,,,57.87,17500657.0,,,,0.5670000000000001,presidential republic, highly authoritarian regime,"Oxford/AstraZeneca, Sinopharm/Beijing, Sputnik V",1,1,0,1,0,0,0,0,0,0,0,0,0,0,92.06710777106137,,,MENA,14.0,,3.0
Taiwan,TWN,Asia,9018.285714285714,378.65257142857143,5.824285714285714,2.7833333333333337,2.7833333333333337,,68.52,23816775.0,,,,,semi-presidential republic,,Oxford/AstraZeneca,0,0,0,1,0,0,0,0,0,0,0,0,0,0,,,,AP,65.0,,1.0
Tajikistan,TJK,Asia,13308.0,1395.3129999999999,9.435999999999998,0.96,0.83,0.13,37.96,9537642.0,64.281,2896.913,4.8,0.668,presidential republic,,Oxford/AstraZeneca,0,0,0,1,0,0,0,0,0,0,0,0,0,0,65.57271417249082,2015,34.0,ECA,25.0,7.2394805,1.0
Tanzania,TZA,Africa,509.0,8.521,0.352,,,,13.89,59734213.0,64.699,2683.304,49.10000000000001,0.529,presidential republic,,,,,,,,,,,,,,,,,63.57907879882592,2017,40.5,SSA,38.0,3.62868047,0.0
Thailand,THA,Asia,162402.0,2326.6771428571433,15.411428571428571,5.125,3.55,1.58,59.26,69799978.0,135.13200000000003,16277.671,0.09999999999999999,0.777,constitutional monarchy,,"Oxford/AstraZeneca, Sinovac",0,0,1,1,0,0,0,0,0,0,0,0,0,0,135.89720683513085,2019,34.9,AP,36.0,3.79303908,2.0
Timor,TLS,Asia,7149.571428571428,5422.742571428571,12.244285714285713,6.2,6.2,0.0,68.52,1318442.0,87.17600000000002,6570.102,30.300000000000004,0.606,semi-presidential republic,,Oxford/AstraZeneca,0,0,0,1,0,0,0,0,0,0,0,0,0,0,85.27047747141897,2014,28.7,AP,40.0,4.32635784,1.0
Togo,TGO,Africa,13481.0,1628.3884285714287,15.099000000000002,3.77,3.27,0.5,,8278737.0,143.366,1429.8129999999999,49.199999999999996,0.515,presidential republic,,Oxford/AstraZeneca,0,0,0,1,0,0,0,0,0,0,0,0,0,0,145.04677330391615,2015,43.1,SSA,29.0,6.16532087,1.0
Tonga,TON,Oceania,,,,28.36,27.09,1.28,47.22,105697.0,150.028,5425.621,,0.725,constitutional monarchy,,Oxford/AstraZeneca,0,0,0,1,0,0,0,0,0,0,0,0,0,0,143.32916666666668,2015,37.6,,,5.09657621,1.0
Trinidad and Tobago,TTO,North America,24380.14285714286,17420.721428571425,364.1118571428571,7.210000000000001,7.124285714285714,0.08,64.81,1399491.0,266.88599999999997,28763.071,,0.796,parliamentary republic,,Oxford/AstraZeneca,0,0,0,1,0,0,0,0,0,0,0,0,0,0,270.92748538011693,,,AME,40.0,6.93182945,1.0
Tunisia,TUN,Africa,347460.4285714286,29399.41285714286,1077.053857142857,8.285,5.686666666666667,2.596666666666667,,11818618.0,74.228,10849.297,2.0,0.7400000000000001,parliamentary republic,,"Oxford/AstraZeneca, Pfizer/BioNTech, Sinovac, Sputnik V",1,0,1,1,0,1,0,0,0,0,0,0,0,0,74.44132337796087,2015,32.8,MENA,44.0,7.29209566,4.0
Turkey,TUR,Asia,5256467.571428572,62325.41771428571,564.8711428571429,34.962857142857146,19.977142857142855,14.988571428571428,74.07,84339067.0,104.914,25129.340999999997,0.19999999999999998,0.8200000000000001,presidential republic,,"Pfizer/BioNTech, Sinovac",0,0,1,0,0,1,0,0,0,0,0,0,0,0,106.96012889310448,2019,41.9,ECA,40.0,4.12414074,2.0
Tuvalu,TUV,Oceania,,,,20.35,20.35,,,11792.0,373.06699999999995,3575.1040000000003,3.3,,parliamentary democracy under a constitutional monarchy, a Commonwealth realm,Oxford/AstraZeneca,0,0,0,1,0,0,0,0,0,0,0,0,0,0,383.6,,,,,19.04735947,1.0
Uganda,UGA,Africa,48129.0,1052.207,7.967142857142856,1.442,1.442,,47.22,45741000.0,213.75900000000001,1697.707,41.6,0.544,presidential republic,,Oxford/AstraZeneca,0,0,0,1,0,0,0,0,0,0,0,0,0,0,213.06173449032516,2016,42.8,SSA,27.0,6.52623558,1.0
Ukraine,UKR,Europe,2263718.0,51761.34071428572,1206.2338571428572,2.755714285714286,2.448571428571429,0.3071428571428571,43.52,43733759.0,77.39,7894.392999999998,0.09999999999999999,0.779,semi-presidential republic,,"Oxford/AstraZeneca, Pfizer/BioNTech, Sinovac",0,0,1,1,0,1,0,0,0,0,0,0,0,0,77.01504659993097,2019,26.6,ECA,33.0,7.72391653,3.0
United Arab Emirates,ARE,Asia,572984.2857142857,57933.378428571436,170.1505714285714,130.93333333333334,,,56.48,9890400.0,112.44200000000001,67293.483,,0.8899999999999999,federation of monarchies,,"Oxford/AstraZeneca, Pfizer/BioNTech, Sinopharm/Beijing, Sinopharm/Wuhan, Sputnik V",1,1,0,1,0,1,0,0,0,0,0,0,0,0,135.6091101098282,2018,26.0,MENA,71.0,4.22590351,4.0
United Kingdom,GBR,Europe,4507803.0,66402.53871428572,1886.3304285714282,96.56500000000001,58.28666666666667,38.276666666666664,62.5,67886004.0,272.89799999999997,39753.244,0.19999999999999998,0.9320000000000002,parliamentary constitutional monarchy,a Commonwealth realm,"Moderna, Oxford/AstraZeneca, Pfizer/BioNTech",0,0,0,1,0,1,0,1,0,0,0,0,0,0,274.7089819369239,2017,35.1,WE/EU,77.0,9.99696255,3.0
United States,USA,North America,33293111.85714286,100582.61528571429,1798.7934285714286,88.64666666666665,50.37833333333333,40.64666666666667,,331002647.0,35.608000000000004,54225.445999999996,1.2,0.926,constitutional federal republic,,"Johnson&Johnson, Moderna, Pfizer/BioNTech",0,0,0,0,0,1,0,1,1,0,0,0,0,0,35.71362209234954,2018,41.4,AME,67.0,16.88529778,3.0
Uruguay,URY,South America,298084.85714285716,85811.25,1249.2552857142857,82.75285714285715,52.92857142857143,29.821428571428573,62.04,3473727.0,19.751,20551.409000000003,0.09999999999999999,0.8170000000000001,presidential republic,,"Oxford/AstraZeneca, Pfizer/BioNTech, Sinovac",0,0,1,1,0,1,0,0,0,0,0,0,0,0,19.708027653982402,2019,39.7,AME,71.0,9.20269966,3.0
Uzbekistan,UZB,Asia,100531.28571428571,3003.6955714285714,20.645857142857146,6.38,,,,33469199.0,76.134,6253.104,,0.7199999999999999,presidential republic, highly authoritarian,"Oxford/AstraZeneca, RBD-Dimer, Sputnik V",1,0,0,1,0,0,1,0,0,0,0,0,0,0,74.80586986868836,,,ECA,26.0,5.29149055,3.0
Vanuatu,VUT,Oceania,4.0,13.022999999999998,3.2560000000000002,0.09,0.09,,22.22,307150.0,22.662000000000003,2921.909,13.200000000000001,0.609,parliamentary republic,,Oxford/AstraZeneca,0,0,0,1,0,0,0,0,0,0,0,0,0,0,24.009844134536504,,,AP,43.0,3.37372637,1.0
Vatican,VAT,Europe,27.0,33374.536,,,,,,809.0,,,,,ecclesiastical elective monarchy," self-described as an ""absolute monarchy""",,,,,,,,,,,,,,,,,,,,,,0.0
Venezuela,VEN,South America,235427.85714285713,8279.235,93.50328571428572,,,,,28435943.0,36.25299999999999,16745.022,,0.7110000000000001,federal presidential republic,,Sputnik V,1,0,0,0,0,0,0,0,0,0,0,0,0,0,32.73079190522079,,,AME,15.0,3.56269026,1.0
Vietnam,VNM,Asia,7624.142857142857,78.32614285714284,0.496,1.1774999999999998,1.1475,0.03,77.31,97338583.0,308.127,6171.883999999999,2.0,0.704,communist state,,Oxford/AstraZeneca,0,0,0,1,0,0,0,0,0,0,0,0,0,0,308.12524591221336,2018,35.7,AP,36.0,5.91789675,1.0
Wallis and Futuna,WLF,Oceania,,,,74.38,38.89,35.49,,11246.0,,,,,parliamentary democracy (Territorial Assembly), overseas collectivity of France,Oxford/AstraZeneca,0,0,0,1,0,0,0,0,0,0,0,0,0,0,,,,,,,1.0
World,OWID_WRL,,171239474.42857143,21968.427999999996,463.6041428571429,25.439999999999998,10.984285714285713,5.632857142857143,,7794798729.0,58.04500000000001,15469.206999999999,10.0,0.737,,,,,,,,,,,,,,,,,,,,,,,,0.0
Yemen,YEM,Asia,6751.428571428572,226.36085714285716,44.32842857142857,0.35,0.35,,34.26,29825968.0,53.507999999999996,1479.1470000000004,18.8,0.46999999999999986,in transition,,Oxford/AstraZeneca,0,0,0,1,0,0,0,0,0,0,0,0,0,0,53.97785290830918,2014,36.7,MENA,15.0,,1.0
Zambia,ZMB,Africa,96173.14285714286,5231.362714285714,69.828,0.8,0.77,0.03,38.89,18383956.0,22.995,3689.2509999999997,57.5,0.584,presidential republic,,"Oxford/AstraZeneca, Sinopharm/Beijing",0,1,0,1,0,0,0,0,0,0,0,0,0,0,23.341478900711603,2015,57.1,SSA,33.0,4.93484306,2.0
Zimbabwe,ZWE,Africa,39014.71428571428,2624.968428571429,107.54485714285714,6.8999999999999995,4.55,2.353333333333333,,14862927.0,42.72899999999999,1899.7749999999999,21.400000000000002,0.5710000000000001,presidential republic,,Sinopharm/Beijing,0,1,0,0,0,0,0,0,0,0,0,0,0,0,37.32459092671578,2019,50.3,SSA,24.0,4.73433113,1.0
American Samoa,ASM,,,,,,,,,,,,,,"republican form of government with separate executive, legislative, and judicial branches", unincorporated unorganized territory of the US with local self-government,,,,,,,,,,,,,,,,277.325,,,,,,0.0
Anguilla,AIA,,,,,,,,,,,,,,parliamentary democracy (House of Assembly), self-governing overseas territory of the UK,Oxford/AstraZeneca,0,0,0,1,0,0,0,0,0,0,0,0,0,0,,,,,,,1.0
Antarctica,ATA,,,,,,,,,,,,,,-,,,,,,,,,,,,,,,,,,,,,,,0.0
British Virgin Islands,VGB,,,,,,,,,,,,,,parliamentary democracy, self-governing overseas territory of the UK,Oxford/AstraZeneca,0,0,0,1,0,0,0,0,0,0,0,0,0,0,198.68,,,,,,1.0
Christmas Island,CXR,,,,,,,,,,,,,,non-self-governing overseas territory of Australia,,,,,,,,,,,,,,,,,,,,,,,0.0
Cocos (Keeling) Islands,CCK,,,,,,,,,,,,,,non-self-governing overseas territory of Australia,,,,,,,,,,,,,,,,,,,,,,,0.0
Falkland Islands (Islas Malvinas),FLK,,,,,,,,,,,,,,parliamentary democracy (Legislative Assembly), self-governing overseas territory of the UK,Oxford/AstraZeneca,0,0,0,1,0,0,0,0,0,0,0,0,0,0,,,,,,,1.0
Guam,GUM,,,,,,,,,,,,,,"republican form of government with separate executive, legislative, and judicial branches", unincorporated organized territory of the US with local self-government,,,,,,,,,,,,,,,,306.97777777777776,,,,,,0.0
"Korea, North",PRK,,,,,,,,,,,,,,"dictatorship, single-party state"," official state ideology of ""Juche"" or ""national self-reliance""",,,,,,,,,,,,,,,,212.19017523461505,,,AP,18.0,,0.0
Montserrat,MSR,,,,,,,,,,,,,,parliamentary democracy, self-governing overseas territory of the UK,Oxford/AstraZeneca,0,0,0,1,0,0,0,0,0,0,0,0,0,0,,,,,,,1.0
Nauru,NRU,,,,,,,,,,,,,,parliamentary republic,,Oxford/AstraZeneca,0,0,0,1,0,0,0,0,0,0,0,0,0,0,635.2,2012,34.8,,,9.5781002,1.0
Niue,NIU,,,,,,,,,,,,,,parliamentary democracy,,,,,,,,,,,,,,,,,,,,,,,0.0
Norfolk Island,NFK,,,,,,,,,,,,,,non-self-governing overseas territory of Australia," note - the Norfolk Island Regional Council, which began operations 1 July 2016, is responsible for planning and managing a variety of public services, including those funded by the Government of Australia",,,,,,,,,,,,,,,,,,,,,,0.0
Northern Mariana Islands,MNP,,,,,,,,,,,,,,"republican form of government with separate executive, legislative, and judicial branches", a commonwealth in political union with and under the sovereignty of the US,,,,,,,,,,,,,,,,123.65652173913044,,,,,,0.0
Palau,PLW,,,,,,,,,,,,,,presidential republic in free association with the US,,,,,,,,,,,,,,,,,38.928260869565214,,,,,10.86687088,0.0
Pitcairn Islands,PCN,,,,,,,,,,,,,,parliamentary democracy,,,,,,,,,,,,,,,,,,,,,,,0.0
Puerto Rico,PRI,,,,,,,,,,,,,,"republican form of government with separate executive, legislative, and judicial branches", unincorporated organized territory of the US with local self-government,,,,,,,,,,,,,,,,360.0173618940248,,,,,,0.0
Romania,ROM,Europe,1077966.857142857,56034.13442857144,1579.5934285714286,41.043333333333344,22.501666666666665,19.18,48.15,19237682.0,85.129,23313.198999999997,5.700000000000001,0.8280000000000001,semi-presidential republic,,"Johnson&Johnson, Moderna, Oxford/AstraZeneca, Pfizer/BioNTech",0,0,0,1,0,1,0,1,1,0,0,0,0,0,84.63380128650904,2018,35.8,WE/EU,44.0,5.55660582,4.0
Saint Barthelemy,BLM,,,,,,,,,,,,,,parliamentary democracy (Territorial Council), overseas collectivity of France,,,,,,,,,,,,,,,,,,,,,,0.0
"Saint Helena, Ascension, and Tristan da Cunha",SHN,,,,,,,,,,,,,,parliamentary democracy,,Oxford/AstraZeneca,0,0,0,1,0,0,0,0,0,0,0,0,0,0,,,,,,,1.0
Saint Martin,MAF,,,,,,,,,,,,,,parliamentary democracy (Territorial Council), overseas collectivity of France,,,,,,,,,,,,,,,,745.28,,,,,,0.0
Saint Pierre and Miquelon,SPM,,,,,,,,,,,,,,parliamentary democracy (Territorial Council), overseas collectivity of France,,,,,,,,,,,,,,,,,,,,,,0.0
Svalbard,SJM,,,,,,,,,,,,,,non-self-governing territory of Norway,,,,,,,,,,,,,,,,,,,,,,,0.0
Turkmenistan,TKM,,,,,,,,,,,,,,presidential republic, authoritarian,"EpiVacCorona, Oxford/AstraZeneca, Sinopharm/Beijing, Sputnik V",1,1,0,1,0,0,0,0,0,0,0,0,0,1,12.450594769433746,,,ECA,19.0,6.60540628,4.0
Turks and Caicos Islands,TCA,,,,,,,,,,,,,,parliamentary democracy,,Pfizer/BioNTech,0,0,0,0,0,1,0,0,0,0,0,0,0,0,39.64736842105263,,,,,,1.0
Virgin Islands,VIR,,,,,,,,,,,,,,"republican form of government with separate executive, legislative, and judicial branches", unincorporated organized territory of the US with local self-government,,,,,,,,,,,,,,,,305.71714285714285,,,,,,0.0
Bonaire Sint Eustatius and Saba,BES,,,,,,,,,,,,,,,,"Moderna, Pfizer/BioNTech",0,0,0,0,0,1,0,1,0,0,0,0,0,0,,,,,,,2.0
England,GBR_england,,,,,,,,,,,,,,parliamentary constitutional monarchy,a Commonwealth realm,"Moderna, Oxford/AstraZeneca, Pfizer/BioNTech",0,0,0,1,0,1,0,1,0,0,0,0,0,0,,,,,,,3.0
Northern Cyprus,CYN,,,,,,,,,,,,,,,,"Oxford/AstraZeneca, Pfizer/BioNTech, Sinovac",0,0,1,1,0,1,0,0,0,0,0,0,0,0,,,,,,,3.0
Northern Ireland,GBR_north_ireland,,,,,,,,,,,,,,parliamentary constitutional monarchy,a Commonwealth realm,"Moderna, Oxford/AstraZeneca, Pfizer/BioNTech",0,0,0,1,0,1,0,1,0,0,0,0,0,0,,,,,,,3.0
Scotland,GBR_scotland,,,,,,,,,,,,,,parliamentary constitutional monarchy,a Commonwealth realm,"Moderna, Oxford/AstraZeneca, Pfizer/BioNTech",0,0,0,1,0,1,0,1,0,0,0,0,0,0,,,,,,,3.0
Sint Maarten (Dutch part),SXM,,,,,,,,,,,,,,,,"Moderna, Oxford/AstraZeneca, Pfizer/BioNTech",0,0,0,1,0,1,0,1,0,0,0,0,0,0,1195.7058823529412,,,,,,3.0
Wales,GBR_wales,,,,,,,,,,,,,,parliamentary constitutional monarchy,a Commonwealth realm,"Moderna, Oxford/AstraZeneca, Pfizer/BioNTech",0,0,0,1,0,1,0,1,0,0,0,0,0,0,,,,,,,3.0
Arab World,ARB,,,,,,,,,,,,,,,,,,,,,,,,,,,,,,,32.08975487904996,,,,,5.22598704277905,0.0
Central Europe and the Baltics,CEB,,,,,,,,,,,,,,,,,,,,,,,,,,,,,,,92.68746298359962,,,,,6.61086019715766,0.0
Channel Islands,CHI,,,,,,,,,,,,,,,,,,,,,,,,,,,,,,,861.1060606060606,,,,,,0.0
Caribbean small states,CSS,,,,,,,,,,,,,,,,,,,,,,,,,,,,,,,18.176998888477215,,,,,6.36341736164883,0.0
East Asia & Pacific (excluding high income),EAP,,,,,,,,,,,,,,,,,,,,,,,,,,,,,,,129.9454783583947,,,,,5.09025875942115,0.0
Early-demographic dividend,EAR,,,,,,,,,,,,,,,,,,,,,,,,,,,,,,,97.49328762162583,,,,,5.04291262990023,0.0
East Asia & Pacific,EAS,,,,,,,,,,,,,,,,,,,,,,,,,,,,,,,95.0190564781888,,,,,6.66977742908825,0.0
Europe & Central Asia (excluding high income),ECA,,,,,,,,,,,,,,,,,,,,,,,,,,,,,,,17.74555003804778,,,,,5.15141564854898,0.0
Europe & Central Asia,ECS,,,,,,,,,,,,,,,,,,,,,,,,,,,,,,,33.44245575263885,,,,,9.29203634485146,0.0
Euro area,EMU,,,,,,,,,,,,,,,,,,,,,,,,,,,,,,,127.43679848055939,,,,,10.13578919089,0.0
European Union,EUU,,,,,,,,,,,,,,,,,,,,,,,,,,,,,,,111.70496099214468,,,,,9.8539938343721,0.0
Fragile and conflict affected situations,FCS,,,,,,,,,,,,,,,,,,,,,,,,,,,,,,,40.98115238521227,,,,,4.47002579063133,0.0
High income,HIC,,,,,,,,,,,,,,,,,,,,,,,,,,,,,,,34.907535907367034,,,,,12.4248520890059,0.0
Heavily indebted poor countries (HIPC),HPC,,,,,,,,,,,,,,,,,,,,,,,,,,,,,,,40.306932996567035,,,,,4.84320623179998,0.0
IBRD only,IBD,,,,,,,,,,,,,,,,,,,,,,,,,,,,,,,67.21823280288999,,,,,5.55763014495322,0.0
IDA & IBRD total,IBT,,,,,,,,,,,,,,,,,,,,,,,,,,,,,,,66.73656039399081,,,,,5.46238247423395,0.0
IDA total,IDA,,,,,,,,,,,,,,,,,,,,,,,,,,,,,,,65.36666693997059,,,,,4.08001116023966,0.0
IDA blend,IDB,,,,,,,,,,,,,,,,,,,,,,,,,,,,,,,125.23938488205678,,,,,3.80404107558775,0.0
IDA only,IDX,,,,,,,,,,,,,,,,,,,,,,,,,,,,,,,52.626384731175804,,,,,4.31813079946036,0.0
Not classified,INX,,,,,,,,,,,,,,,,,,,,,,,,,,,,,,,,,,,,,0.0
Latin America & Caribbean (excluding high income),LAC,,,,,,,,,,,,,,,,,,,,,,,,,,,,,,,31.97511524178033,,,,,7.88931874496062,0.0
Latin America & Caribbean,LCN,,,,,,,,,,,,,,,,,,,,,,,,,,,,,,,31.961049408859544,,,,,7.95636972856813,0.0
Least developed countries: UN classification,LDC,,,,,,,,,,,,,,,,,,,,,,,,,,,,,,,49.558872704691794,,,,,4.00444845638571,0.0
Low income,LIC,,,,,,,,,,,,,,,,,,,,,,,,,,,,,,,43.07744293775742,,,,,5.34241728227388,0.0
Lower middle income,LMC,,,,,,,,,,,,,,,,,,,,,,,,,,,,,,,130.9543455910886,,,,,4.07315862319882,0.0
Low & middle income,LMY,,,,,,,,,,,,,,,,,,,,,,,,,,,,,,,67.17707624302103,,,,,5.4133331237219,0.0
Late-demographic dividend,LTE,,,,,,,,,,,,,,,,,,,,,,,,,,,,,,,51.34476170559326,,,,,5.7589750725299,0.0
Middle East & North Africa,MEA,,,,,,,,,,,,,,,,,,,,,,,,,,,,,,,39.9981290789407,,,,,5.95970724931829,0.0
Middle income,MIC,,,,,,,,,,,,,,,,,,,,,,,,,,,,,,,71.75611030848121,,,,,5.4141967485404,0.0
Middle East & North Africa (excluding high income),MNA,,,,,,,,,,,,,,,,,,,,,,,,,,,,,,,44.31116436828738,,,,,6.53196352278459,0.0
North America,NAC,,,,,,,,,,,,,,,,,,,,,,,,,,,,,,,20.085867250289624,,,,,16.416149575909,0.0
OECD members,OED,,,,,,,,,,,,,,,,,,,,,,,,,,,,,,,38.1466805373338,,,,,12.4566580931775,0.0
Other small states,OSS,,,,,,,,,,,,,,,,,,,,,,,,,,,,,,,15.135806022887582,,,,,4.48164776968149,0.0
Pre-demographic dividend,PRE,,,,,,,,,,,,,,,,,,,,,,,,,,,,,,,45.36076342407342,,,,,4.24167412737761,0.0
Pacific island small states,PSS,,,,,,,,,,,,,,,,,,,,,,,,,,,,,,,38.2767445482866,,,,,4.91915956969633,0.0
Post-demographic dividend,PST,,,,,,,,,,,,,,,,,,,,,,,,,,,,,,,35.39264797549234,,,,,12.8859017630184,0.0
South Asia,SAS,,,,,,,,,,,,,,,,,,,,,,,,,,,,,,,380.31488188240263,,,,,3.48222678564659,0.0
Sub-Saharan Africa (excluding high income),SSA,,,,,,,,,,,,,,,,,,,,,,,,,,,,,,,45.15481367512573,,,,,5.07834854430215,0.0
Sub-Saharan Africa,SSF,,,,,,,,,,,,,,,,,,,,,,,,,,,,,,,45.207202841053984,,,,,5.08460287975729,0.0
Small states,SST,,,,,,,,,,,,,,,,,,,,,,,,,,,,,,,16.221977819009158,,,,,4.75763979857978,0.0
East Asia & Pacific (IDA & IBRD countries),TEA,,,,,,,,,,,,,,,,,,,,,,,,,,,,,,,129.31875974188355,,,,,5.09039017430177,0.0
Europe & Central Asia (IDA & IBRD countries),TEC,,,,,,,,,,,,,,,,,,,,,,,,,,,,,,,19.964621560663375,,,,,5.37070695517849,0.0
Latin America & the Caribbean (IDA & IBRD countries),TLA,,,,,,,,,,,,,,,,,,,,,,,,,,,,,,,31.36978393869998,,,,,7.89928247974165,0.0
Middle East & North Africa (IDA & IBRD countries),TMN,,,,,,,,,,,,,,,,,,,,,,,,,,,,,,,43.81292471432481,,,,,6.53196352278459,0.0
South Asia (IDA & IBRD),TSA,,,,,,,,,,,,,,,,,,,,,,,,,,,,,,,380.31488188240263,,,,,3.48222678564659,0.0
Sub-Saharan Africa (IDA & IBRD countries),TSS,,,,,,,,,,,,,,,,,,,,,,,,,,,,,,,45.207202841053984,,,,,5.08460287975729,0.0
Upper middle income,UMC,,,,,,,,,,,,,,,,,,,,,,,,,,,,,,,49.2297049376032,,,,,5.73978735941219,0.0
World,WLD,,,,,,,,,,,,,,,,,,,,,,,,,,,,,,,58.42299934589849,,,,,9.84877857521162,0.0
